index,wav,label,text
0,000207.wav,7,一時鋁圈單後紅夫人英文鳳姐你今兒什麼樣鳳姐兒到太太只管請回去我需得先理出一個頭緒來才回去得呢王夫人聽說變先同行夫人等回去不在話下
1,000276.wav,5,取締酒後駕車勤務進行呼氣質酒測時會議警政署訂單取締酒後駕車作業程序規定確認受測者英九結束後食物分鐘並提供礦泉水漱口後才進行酒精濃度檢測
2,000748.wav,4,致伸縮喇家在五台山跟師父子增長老學會說因緣經驗你可將女兒長了我到你女兒房中說那二大王回心轉意不取你女兒
3,001111.wav,1,寄之盲校被叫姊親自去接又叫我先回公館裡去知道我就先回去了到了下午記之陪著他老太太來了記之夫人營出去我也是
4,001206.wav,3,關於難辭其者自身也為孫權所砂石半年的攻防戰中數中景不派兵網雲任起不滅認為諸葛亮音關與破壞農中隊所需要的連無抗曹政策
5,001299.wav,4,時近不知去哪兒了與終止好多次逃出為中到桃花山下奉上山寨大王傑洛大王不是他的對手請他身上讓他坐在主
6,001377.wav,7,伸側磨後只聽演員有人笑聲也有12時婦人一群系數建祿堂屋網那邊屋內去了又見兩三個婦人都捧著大7朋和進這邊來等候聽得那邊說了聲白飯店
7,001612.wav,4,太為命中能幫開始規角有三四尺深間有一塊青石板中人翹開始版紅信石頭一看是個黑洞洞的萬丈的雪
8,001622.wav,5,15年的舉辦今年的話會有26團參加用9天的時間來騎車到台灣1週期中的社團已經在10月22號出發切順利返回機率的團隊會在11月5號上午8點半左右分別從台北台中彰化吃
9,001906.wav,2,5G西洋太熟馬騰并州刺史韓遂街道皇帝密照後期冰沙向長安馬騰兒子嗎超雖只有17歲但應永和人連殺理首相機員大將石中英兵馬斷糧草不得不退回西涼
10,001908.wav,3,中法戰爭發生在1883年12月至1885年4月間是清朝為了保護越南而與法國發生的戰爭戰是出在越南境內展開外法國上派遣部隊攻打雲南邊界並由法
11,002187.wav,5,該規定19日起生效將通知各國提出成癮防治對策該直營旭明電玩成癮症狀包括無法控制的打電玩將電玩至於其他生活興趣之前
12,002254.wav,5,河北雄安新區生態環境局昨日在雄安新區容呈現掛牌成立這是至今年生態環境部組建以來中國全國範圍內首個成立的地方生態環境局河北省環保廳
13,002341.wav,6,橋頭有扁扁上寫有凌雲渡長生說著瞧人者能過得另找路八戒沙僧都不敢過戶空跳上翹左搖右晃跑過橋海過來過來生人還是不敢過戶公回來找發間八屆乾脆躺在地上死活不起來
14,002371.wav,3,建立或收手術後凸的算法沿著述的深度便利署的節點儘可能生的搜索樹的分枝當節點滴的所在天都已被探尋過搜索將回溯到發現節點滴的那條邊的其實潔墊這一過程
15,002670.wav,6,開啟聲賦王正慧行遠路和尚的話國王說那道人推我做緊實臉我的金鑲白玉圭一同推入他衰變成我的模樣都都少了這與歸我把與歸留下當表記他一見就會相信師父的話
16,002728.wav,7,該做什看他來怎麼樣拼隔音問道這炸了這味道也是因什麼只管來鳳姐兒隨將9月裡在您福園子裡遇見他的光景他說的話都告訴了平和平和收到了阿嬤想天鵝肉差別人倫的混帳東西想起這個念頭叫他不得好死
17,002816.wav,3,大冠軍連鎖健身房成吉思汗健身館的創辦人兼執行長因此能稱館長袁明程式和錯號標和台北蘆洲人吃慣宜蘭2017年遷居新北市林口區
18,002925.wav,7,鋼製院門前只見亡夫人的丫鬟明金差額者和一個才留了頭的小女孩兒傳在台機上玩劍周瑞家的來了便知有話回應向那努嘴兒
19,003097.wav,4,魯智深問你那同裡裝的是什麼看著說只有自身問多少錢一桶和子說著就只賣給室內的火弓道人直聽覺夫幹雜活的人吃部感染與和尚
20,003335.wav,4,製造的好久這樣全樟山寺百專戶請來吃而一旬九說少華山劇了一夥強人打家劫舍危害地方早晚會來我們裝打結果今天請你們來商量就是他們來時我身上敲擊棒子你們都要互相就應大家同心協力共保地方愛你
21,003573.wav,7,說話之間已來到了天香樓的後門健保育和一群丫頭們在哪裡玩呢鳳姐說到飽兄弟別毯淘氣了有一個丫頭說道太太們都在樓上坐著呢請奶奶就從這邊上去吧
22,003666.wav,3,2006年成棒隊在杜哈亞運拿下來的一面亞運金牌而巧固球則至1980年代以來數十次在世界巧固球賽錦標賽1級週記賽事中得到世界冠軍2009年於高雄市舉辦的世界運動會為台灣
23,003715.wav,4,父女倆親如打上手作了邊境酒邊說的感謝話三人正英九中原會回來了金落格兩人引見了賺外說應的事我都知道了這裡正當大姐不是9月的地方公不如跟我到鄉下莊苑裡多幾天
24,003806.wav,7,查令夫人之後到上下無一人不稱頌他夫人的臉也倒退了1歲之地說模樣又吃標致癌痰又吃爽立新奇又吉生氣盡是個男人萬不及一的
25,003876.wav,6,悟空櫃下達地址的根源已漸漸兼顧了祖師說你學會了長生不老之法但有三次大概會降臨500年後天將雷再打你再過500年天降音火燒你再過500年天降音風吹你
26,004009.wav,0,去的人都不發後來又說是要到他們跟前去清明他們今天當面這支票就變了閻王臉了我實在怕看見我錢也不要了關也不做了這樣無限量的背屈
27,004023.wav,7,蘇菲小王在室溫泉堂圖將來除鳳清於老鳳聲未可量也假正忙陪笑道全紫棋感沒有曾經講耐煩菌與榛果如是言一飲生被知性與水溶又到只是一件
28,004254.wav,7,睡袋的袋女王夫人作詞大家送至川堂前出了垂花門找有種小廝們啦過一輛粹為輕舟車行夫人西熱帶雨作上中朴子們放下車簾坊名小廝們抬起拉至寬處方
29,004525.wav,4,路達又說在切10斤肥肉不要一丁點筋肉也要切呈現正圖說經絡可包餛飩肥肉有什麼用乳答說這是小種金月相公的命令誰敢多問
30,004630.wav,5,141 1美元年增29趴其中中國廠商有4家進入前25名分別是騰訊網頁完美世界和三七互娛寫景騰訊一家就佔據了全球遊戲市場總收入的15%
31,004905.wav,7,話說寧國府中都總管來勝文得裡面為情的鳳姐因傳奇同事冷冷說道如今請了師父李連二奶奶管理那是他和她來自取東西或是說話我們需要比往日小心些每日大家找來晚上
32,004969.wav,4,王靜說申訴我無禮去兵器加上取一條綁項後生劈頭打去後生忙舉辦招架不料王靜卻半路上搜主棒抽回來批胸點去後生猝不及防政中心口不通摔倒
33,005129.wav,4,致伸一把鐮頭巾戴頭髮通通揪著一聲直娘賊右手就是一拳2大王鯨叫做什麼打老公
34,005193.wav,4,致伸縮式破了9間要打40族秘感下山去自身兩眼一瞪罵到他娘的你兩個想打我們之間是不好一個非也是分近似報信一個用族必然他
35,005245.wav,6,命中生拿出來讓唐朝的老爺見識見識老師讓人開了庫房排出12個櫃子是周承上繩子把家刷一件件搭上果然都是錦繡玲羅金美無比
36,005295.wav,4,突然的雪那一陣雷鳴似的響亮一道黑氣衝出來先他了半個電腳直衝到半天雲消散作百十道金光往四面八方去了
37,005699.wav,6,悟空這才進東方夏詩賦詩的說2怪被我裝進葫蘆洲會該化成膿血了大會被我打敗逃往鴨龍洞去了一棟的小妖鏡被我打死
38,005996.wav,3,太平到手裡張餃給兄弟張良和張寶率數十萬興圖發期民變死城黃巾之亂亂世範圍迅速擴大很快發展成全國性的戰亂
39,006218.wav,3,初獲得張廷玉女偶爾泰的協助穩定政局他以寬猛相濟的理念實證借予康熙帝的人後語雍正帝的眼科之間人口不斷增加使乾隆末年突破300000000大關約戰戰時當時
40,007356.wav,0,楊坤療並不是天生的特別種族就是平民變舊的現在學生出生的官僚就不少和老官僚有什麼兩樣呢ED則皆然思想言論舉動風采
41,007705.wav,1,前日上苑10單單傳的他進去叫他好好的出去料理不然這個拐騙巨資的踢了出去就要揍餐的下的她昨日去球反拍攝法最為繁臺本來是不大理會他的差使月發一他是個
42,008252.wav,4,21龜鳳政法三要皈敬師有此是三皈五戒者一不要殺生2不要偷盜3不要贏邪事不要貪95不要妄語
43,008413.wav,4,週通見了自身埋怨李忠哥哥你不與小弟出氣到把這禿驢請上山來里中說你知道他是誰他就是我常說的三拳打死鎮關西的魯提轄
44,008561.wav,5,複製圖檔修改釋憲違反研究倫理年台大校長楊泮池共同掛名的論文也受波及台大叔度成立特別委員會進行調查科技部長楊弘敦表示科技部也已對此案展開學術倫理審查程序若確有違反科技部學術倫理案件處理及審議要點規
45,009111.wav,7,如今生腿是了可見這長房內角面無人了說著又哭起來眾人忙勸道人飲食是哭也無意且傷一如何料理要緊假真拍手道如何料理不過盡我所有罷了
46,009234.wav,2,項羽建立了漢朝代城到皇帝任用宦官長太宗2 20的100000官是你更加猖獗大將軍鬥泰富城蕃計畫消滅宦官因為洩漏秘反被宦官殺害這10個弄權的宦官
47,009270.wav,3,淡水河曾文溪大甲溪烏溪疏忽然希特勒西區中部地區的濁水溪雖然最常人而已流域面積而論為軍南部地區的高屏溪最大其他主要河流上有大安溪北港溪巴掌
48,009295.wav,1,這件事實在不能盡力只好方面的了這一千兩銀子的票子請大人帶回去另外想髮子吧不要誤了是雷西到翻台同老歌的交情是大家都曉得的老歌肯當面拒說我
49,009480.wav,7,晚上也和可去衝樹菇名指是木金行南路費一概不錯神經入園費賴麥子傳聞雞難道者攝影不再說完便到胸和不到言語酒有此性一旦妹與胸10胸並未談及
50,009593.wav,3,歷史與荷蘭聯合申辦及西班牙與葡萄牙聯合申辦經過這次投票後國際組中宣部俄羅斯成為2018年世界盃主辦國主辦會場位於俄羅斯代歐洲地區的城市冠軍戰將在莫斯科體育場舉行
51,009847.wav,4,王淨覺開門上裝釘說明來意裝釘平民裝組太空太空迎了出來王靜晃說姓張在東京做生意賠了本錢要去延安撫投奔親戚
52,010019.wav,5,綠5月23日發佈4月工業生產統計新聞資料時實施採民國105年幾期的回溯秀政治98年70年資97年資料值1元訂機指數年增率進行銜接
53,010046.wav,6,土地你姓什麼猴王說性生活給你幾個發明吧我也法名叫孫悟空我再給你起個渾名稱為行者從此霧峰幼教申請者柏青告詞回去物空就保持三藏西行
54,010106.wav,4,路達班的調長庚往店門口一放坐在那裡知道顧墨金老婦女走遠了看看天色不著這才直奔狀元橋
55,010665.wav,5,異形大成立毒品查緝中心希望透過積極行動降低毒品所衍生的社會問題並且整合檢調憲兵觀霧海巡等吸毒相關單位將毒品正式宣戰交出亮眼成績單
56,010714.wav,7,自哪一個人寫給方妙恰好呼從千里之外解讀之為小小一個人家櫻羽絨服略有些瓜隔著日正往容府中來因此便就此一家說來倒還是頭緒
57,011099.wav,7,狗兒笑道不妨我教你了一個法子你竟帶了外孫子小板而先去找培坊週銳若見了他就有些意思了這周瑞賢實成和我父親教過一樁事我們吃好的
58,011333.wav,1,不會畫有人請教他時他便請人家帶筆劃了自己提上兩句詩寫上一個款便算是他畫的了我說到這個與他有什麼好處呢既知道他的仿單非常之桂華一把扇子
59,011719.wav,5,規定公平會18號委員會議決議通過處弘音公司10000000元罰鍰公平會副主委邱永和說
60,011860.wav,2,約玩劉玄德心玲徐州可網投資不從其眼鏡頭徐州來有人報之玄德玄德曰不奶當晶英泳姿勢可出營之謎主約呂布來虎狼之徒不可收
61,012006.wav,2,日語張角在廣中大戰應他成敗如此為師就帥君去支援如此讓劉備去飲川資源皇甫嵩朱俊劉備就算居西也敢去澎湖松雨珠菌錠劑火工黃巾軍燒得張寶張良大敗
62,012017.wav,0,站在床面前看著他的臉書店家叫他們出發的下半天來我可不能這麼說他們不相信不答應的有什麼不相信他們可以問去全衙門裡什麼人也沒有
63,012064.wav,4,也是高球時來運轉活該發奇納氣球飛起來端王沒接著紙滾到他腳邊他撞期打來10個鴛鴦館將球踢還端王
64,012302.wav,6,買到金山現了中神將羅漢就讓悟空再去挑戰空來到洞口破口大罵那怪提箱出洞見面就是悟空轉身就跑那怪正趕著忽聽有人高校那牛爾會跟我回家無軍艦是老君大吃一驚真不知物空怎麼找到他主人的忙泡圈指數
65,012636.wav,5,你開始傳文化部就可以協助媒合陰道有興趣的學生學習傳統工藝或是藝術專業工作等有助於學生未來自來水展和聲學規劃
66,012979.wav,6,鸚鵡記唐僧都轉碼頭卻見一通石壁上面有3個轉子流沙河還有四行楷書860沙界三千弱水生兒毛飄不起如花釘底城
67,013107.wav,6,發現說是這樣幾時才能走道空說若是2位賢的十多天也可走一趟若是老孫一天也走50趟兩頭還見太陽落論師父別想
68,013124.wav,4,過了我沒有天長老修書一封叫過自身說你兩次吃醉酒大鬧五台山飛彈在校園外面紙上的文殊勝的也容不得你了我有一個濕地現在東京大相國寺岡住持法號
69,013229.wav,2,就派人先和進進攻而進自覺的手中掌握天下大全時常是不敢把他怎麼樣變不聽勸阻進了皇宮跟進門便被亂刀砍死戶送合進進攻的袁紹曹操在宮門外等了很久不見和競走
70,013231.wav,5,網路服務解決連線被防火牆封鎖問題而另一問題是除非對於虛擬私人網路公司有一定程度信賴否則很難確保這些公司不會私下記錄使用者的使用情形在安全隱私上面一成為另一隱憂
71,013399.wav,0,普通飛宇著他一開桌子用出頭蛇的崛起士塊大方專利師黃澄澄的細沙的時候打開顯露出下面的黑土來他給小新的幽靜的一處一處往下覺然而生葉修禁太緊進了間且出土的聲音總士頓中的不肯男人的發想
72,013478.wav,4,高球無以為生紙得來到懷希林淮舟投奔一個開讀訪的柳大郎一住3年
73,013667.wav,4,衛頭領漲使勁將他們綁了送交官府免受牽連使勁笑道我要綁了你們天下好漢都要笑話我會了一氣今天既然如此索性一不做二不休跟他們拼個你死我活
74,013687.wav,5,白河新技術任意美國和中國為主導AI要落實到每一個領域終究還是需要整合產品之運算晶片關鍵零組件系統組裝軟體介面服裝設計資產業價值鏈才能發揮實際運用因此從接收大數據的各式感應器到各項系
75,014120.wav,0,記得什麼書上說有一種東西叫還以娜的眼光和樣子都很難看直腸獅子肉年級大的骨頭都細細嚼慢嚥下肚子去想起來也叫人害怕
76,014146.wav,2,讓皇太后主持政治說完後動著變面令左右夫皇帝下電解下他的福喜讓她往北面長貴皇帝和太后都哭了大成本非常悲痛在下面的一位大成這時大叫到辦賊動著感一天鵝
77,014255.wav,7,愛的淚珠有一老人年說道不要問他的是何苦耍他印像劉姥姥到那州大爺以往南邊去了他在後一代住者他娘子卻在家你要找時從這邊繞道後接上後門上去問就是了
78,014596.wav,4,七日小王都太尉取回憶龍比價又一個金盒子病症徵獅子成了又凰螺包好寫一封書信讓高球給官網送去給端王
79,014930.wav,4,校園外說若是留著恩公安宮有個三長兩短的讓恩公吃苦若是讓恩公就這麼走了我月漲的面子不好看到某有個主意可保安宮萬無一失物台山上有做文書院士林
80,014967.wav,2,花園中暗自流淚府中歌女雕蟾此時也在援中隊越長炭網友問他為什麼深夜不睡蓮聲嘆息貂蟬說他認為大人分優一包養育之恩光雲便告訴他想用連環計來除掉董卓貂蟬欣然允諾第二天
81,014983.wav,4,小王都太尉是折中天子的妹夫神中天子的駙馬喜愛風流人物正用得上高球便留下他當個清水
82,015032.wav,7,痊癒了如今既是把病耽誤到這個地位也是應由此在意我看來這病上有3分制得吃了我這要看作是夜間睡得著覺那時又添了2分拿手了
83,015146.wav,6,手槍法二人又鬥20荷腦膜下令從小要一擁而上付空左衝右突小要只進不退不由教召把棒拋棄變成千百條漫天飛舞打的小妖魂飛
84,015845.wav,1,做一個人了解等我說出來大眾聽聽呀我父子兩人同來我住的房昌是在外南房門口對著江面的我們已經睡了呼聽得我
85,016386.wav,6,what I天將把他立即出面太白金星又站出來說要猴子吱胡說不知道小在派兵政戰也不一定能剩他萬歲不如風他的空頭直嫌把他揚起來不再惹事生非就行了預訂就在寫了聖旨太驚心去朝安侯王
86,016473.wav,4,酒勁上來把聲一出了纏在腰間肉出一生花受晃著膀子上山來兩個門子遠遠望見拿著足碧藍黨致伸縮式破了九屆要打40燭比趕下山去
87,016940.wav,7,變口吐人言像那聲道說到大師地址存物不能見你了日文兩位彈那人是兼容樂繁華心切慕吱的姊姊雖出水性卻稍統空間2師先行到底定飛繁體
88,017090.wav,4,穿上衣賞說不瞞你說撒家園市關係經略府的提轄音三拳打死鎮關西這才落髮為僧修說這幾個小賊就是千軍萬馬撒家也不怕他
89,017434.wav,0,你怎麼這樣憑空污人清白什麼清白我前天親眼見你偷了何家的輸掉這打孔乙己便漲紅的臉和尚的青筋條條站出征變盜竊書不能算偷竊書
90,017713.wav,5,去年統計的還要多了14個免簽國進步5名與梵蒂岡並列26另外中國大陸則有70個免簽國未列68吊車尾的是阿富汗及伊拉克景30個國家免簽
91,017740.wav,4,置身又忍不住走出三門只聽三下一陣叮叮噹噹的打鐵聲隨風傳來便帶上些營養下得山來
92,018551.wav,5,相國際社會透明展示關閉豐西里和試驗設施的承諾希望聯合國方面參觀該過程且對執行情況進行核現並呼籲聯合國發表宣言支持2含在4月27日簽署的版本宣言
93,019197.wav,6,開的佛一會請二位光臨到人壽裁情深說好講電影明天拜瘦後天賦雁行折忍不住跳出叫道你這要怪偷了我的袈裟開什麼佛利會收走吃我一棒雙手舉辦打去
94,019310.wav,1,過了一會開上飯來我兩人對坐吃過了記之方才洗了臉換上衣服出去會那種雷西博變更了出去散在屏風後面去看他
95,020208.wav,7,住持色空好聲譽被新鮮橙色多情民生一輩皆靈使用特工漫看晚摘假真也無心茶飯應天晚不得進城就在盡是葫蘆
96,020573.wav,1,舔她笑道我覺得孩子氣昏了開水前也忘了開發說吧伸手摘要裡亂滔滔的伴天連半跟前毛也逃不出來嘴裡說欠著你的名字還你爸那個糖上不肯真愛他身邊認真的半文都沒有
97,020736.wav,0,你這死屍怎麼這時候才回來時到哪裡去了不管人家等你開飯旗津雖然住在農村卻早有些飛黃騰達的意思從他的祖父到他三代不滅除
98,020833.wav,3,流感覺因分析器的不同分為視覺聽覺味覺嗅覺觸覺運動覺機體覺平衡覺得人類可以用感覺去感受時間改變感覺與時間應該是相對的過患使用邏輯式
99,020922.wav,4,自古道一人得道雞犬升天高求也平步青雲飛黃騰達不上半年便當上殿帥府太尉
100,021001.wav,5,大學保健營養學系教授陳俊榮指出這些經過高溫烹煮的食物容易產生致癌物質可使用的肩膀可能很多成年交談或使用不當的清潔劑都會增加風險的調理方式的都是在那個鍵盤上面所製作的條例清潔方式不當的話就容易產生一些像多環芳香族
101,021236.wav,5,電腦去年11月出發性下肢麻短短一個月後病情迅速惡化確診室急性間椎盤突出骨刺開刀可能會有癱瘓風險無先生術後恢復良好但仍需要解鎖復健治療台北醫學大學副院長的問政說他常幾個月情況造成他的1個經不受力過度以後
102,021830.wav,4,不多時兩個賣唱的走進來一個是十八九歲的年輕婦人有幾分動人的顏色在一個四五六10歲的老頭
103,021950.wav,4,李宗要去追趕至深溝通說就是趕上我倆也不是他的對手所幸做個人清將來好見面
104,022039.wav,5,一些海運向北返回山東省青島母港引起國際高度矚目國防部發言人陳中吉少將中午受訪表示等你好的人主動向都在我方嚴密掌控當中請國人放心而有關中隊
105,022097.wav,0,獺祭儀表同情於校園的鎖心自然也贊成同僚的鎖中然而他人安卓在亞門中造粒的並不一同去討戰至有人疑心他孤高
106,022242.wav,6,太子問麗的和這老和尚說你能知過去未來知識你是用什麼算的空說我只聽三寸不爛之舌萬事敬之
107,022328.wav,4,大王喝呵大笑下了嗎拜了下來說哥哥別來無恙自身後退一步細看時卻是打虎將李忠
108,022481.wav,6,塞納加男人下田了只有女人在家做好飯正要往田裡送國中還有些過8就給八戒裝了一般八屆尋就露餡了本相正想著用什麼東西咬水
109,022707.wav,6,大順跳出門外罵道脫模者行孫來了大概說怎麼拿垃圾孫行者又來個者行孫二怪所管他呢帶我拿葫蘆去裝他就出了動門檻者行孫雨孫行者一模一樣只是略帶些
110,023227.wav,4,環境問題後生是太宗的兒子太空有看吃王竟是有高手讓兒子被王靖維斯厚陞揚言只要他能勝過我就把它為什麼通便從永王敬教訓一下這不知天高地厚的小子
111,023536.wav,1,你到的那幾天不錯是他差去了但不過到六合線去會神一鍵按前後3天就回來了在10天以前你伯父又求了凡台給他一個到通週刊荒的差使當天放了雜誌當天就品質
112,023695.wav,3,名稱後面會多了一個藍色勾勾的符號一死臉書確定為用戶本人的帳號通常是長發言賢齊常常討論串的臉書網路達人知名作家熱門的政治人物或是演藝圈中的知名人的才能通過臉書驗證
113,024015.wav,6,來到洞中他正要做師父師弟又見裡面有一道金光過去一看卻是羊脂玉淨瓶隨手拿了先不就長身便往外走正空間大概要進洞忙送筋斗雲走了大怪見屍橫遍的忍不住放聲大哭
114,024197.wav,2,深得廣耳廓面虎背熊腰是吳俊富春人性聲明堅是文台為孫子的後代他17歲13海道出名當上校為評判有公升為適宜城下邳城黃金起士泰劇懷
115,024367.wav,3,趙匡胤發動陳橋兵變薄後週地位而改原子力是為宋太祖史稱北宋
116,024485.wav,3,瑞士規模式與地震波最大政府以10為底的對數並選擇劇正陽100公里的距離為標準瑞士規模美正大一集釋放的能量約增加31.6倍相隔2級的規模及能量相差1000倍
117,024631.wav,4,葡萄王41中的影子盾騎改念把螢子掏出來還有書信一封裡吃也是得幾個字打開書信一看卻是強人給史靜地回書不由大喜花忙奔往現成報關
118,024646.wav,0,父親叫他認為他是能裝公斤桌小鳥雀的我與市日日盼望新年新年到潤土也就到了好容易到了年若有一日請告訴我認出來了
119,024883.wav,2,手下小豬安敢在此耀武揚威都於趕出帳去曹操曰德宮澤上荷紀貴賤虎元素曰既然工等只中一件令我當告退朝曰其可因應而誤大事業命宮身暫且待玄德
120,025443.wav,2,74強成績幹掉他現在懂著非常信任我我因此可以經常靠近同桌有聽說你有一把七星寶刀不願意借著寶寶倒入香果埔里刺殺他雖死無怨王語說到英國男友吃他懂酒的
121,026111.wav,6,曾說二哥笑什麼吧解說我只說老奶奶來了要吃我們原來不是老奶奶是就畫了來了殺生問什麼話把解說的嗎溫來了他彎下腰後面就翹起了猴子尾巴
122,026151.wav,1,我只得耐心再等一年打聽了幾次卻只不見回來我要請見伯母她又不肯見此時我已經住了十多天帶來的盤纏本來沒有多少此時看看要用完了心教得了不得
123,026193.wav,6,大怪舉起喧嘩府2怪舞動大砍刀石怪揮著歌搭乘一起贏的核戰悟空悟空與三個老妖大戰150何不分勝負
124,026267.wav,7,手絹泡舒服給少氣不絕於朦朧歲旭孟子與處不變是何地方忽見那香來了一聲一道且行且彈只聽到人問道你吸了這純物一遇和往那聲笑道你放心
125,026326.wav,5,是最瘦弱的老公獨自一人騎機車被風吹倒塌和剛剛被勸導的民眾趕緊上前協助
126,026933.wav,6,那虎跳開直立起來用左轉往胸前一抓脫下虎皮變成個妖精說我是黃蜂帶王不下的先鋒繃帶王織命哪幾個人去下酒你們是哪裡來的和尚
127,026969.wav,0,西瓜有這樣危險的經歷我先前單知道他在水果店裡出賣爸了我們殺的李朝訓要來的時候就有許多跳魚兒只是跳都有青蛙式的兩個角
128,027212.wav,7,空空道人乃從頭一看原來就是無才補天換行路世盟茫茫大是渺渺真人吸入紅塵粒徑離合悲歡炎涼世態的一段故事
129,027241.wav,0,而很兇猛插不咬人嗎有福他呢走到了看見查了你便是這畜生很靈力道向燈來但從胯下看和他的皮毛是由一般的華
130,027405.wav,5,藝術及AI應用等領域的發展並和許多國際大企業合作共同打造台灣人工智慧創新生態環境新思科技擁有先進全球的半導體設計軟體計數機App
131,027519.wav,3,這山區咖啡單子沒做張峰清治時期官服憂慮誰扣可麗雨林中竊取硫磺固定起放火燒山因此整個山區只能長出五節芒這類芒草
132,027804.wav,1,不出成就在書房裡通我談天我說起今日到祥針菇著指甲被那掌櫃拉著我訴說被騙的一節祭之歎道人心險詐型片來是常識這件事情我早就知道了你今日聽了那掌櫃的話只知道外面這些
133,027914.wav,1,電話都不認得了嗎你怎麼說怎樣了我聽到這句話方才猛然想起這本是我同窗的學有姓吳明璟臻表製劑之他不要漲了10年我從他同窗的時候我只有八九歲他是個大學生通樂45年創意象圖書多成他的臉我
134,027922.wav,2,自己公東北角把韓中殺的大笨鐘棄成而逃出具與劉關張帥軍演殺策始和鍾兆鴻生中率人馬偕應珠菌只好退冰照紅等再多晚成
135,028205.wav,4,高太尉的王教頭使勁說正是魯達說百年酒聞其名聽說他在延安撫老總精液像功能按著魏洲卻是小種精液像公正手暗邪爪之始大量的名字你姐和我上街去吃杯酒
136,028390.wav,7,葉思妤去年並顧家婦幼年紀老邁餐吃再生公務繁榮應徵單位以及在鹽絲易制度下不過在家溫習就可而已在讀書以是必須有12之幾為伴時常大家討論才能進益
137,028520.wav,4,住持說太為大人這代天師好約需進天師行情清高住在山頂的毛安里不在本宮
138,028676.wav,4,齊聲喝道教你認得老婆這樣2大王按在床邊拳打腳踢打得到王子叫救命
139,028856.wav,6,前往哪裡分辨曲兩人轉眼間不見了他借問殺生技見了個假吧介單的包袱整不搶回殺生說候多勢眾他孤掌難鳴八戒就讓殺生保護師傅乾去花果山多包袱兩個悟空打到陰山背後
140,028914.wav,2,將軍和不取之笑曰為有量測記約可按使人辭書與公孫瓚令進兵取濟州約以夾攻佔比新兵函覆無謀之輩的請將軍嶺週四就終曲是錯手可得
141,029322.wav,7,老和你只放心吃你的去我也不許他吃多了便是老太太問如果呢一面命小丫鬟來讓你奶奶們去也吃黑糖糖水器哪裡媽媽聽如此說值得合眾人且去吃些酒水
142,029540.wav,7,半夜中和奇音樂小姐變江應憐放在一家門檻上作者待他小姐玩了來抱石哪有一年的蹤影集得和景執行的半夜市天明不見嗎或其研究不敢回來見主人變逃往他鄉去了
143,029745.wav,4,請他一頓沒想到他不禁打針打死了還要吃官司便說好小子書要裝死大家回頭再跟你算帳10分回住處收拾了幾件衣賞將銀子穿著懷裏前一條短棍一溜煙的走了
144,029809.wav,2,劉備出城迎接都有連馬都不下景台台邊燒朗劉備起來關張以動了怒帶來到賓館都有難面膏做讓劉備站在接下過了
145,029984.wav,4,來到信州大小官員迎接了4日陪同宏泰未來到龍虎山下龍5山上清宮的住持率領眾弟子民終極鼓山花燈主把紅杏一行營到山上
146,030094.wav,7,遊戲的母親並且夫人王夫人鳳姐兒都吃的飯樹的口徑了手才說要往原子裡去甲龍進來上游是說到老爺們並從未叔叔哥哥兄弟也都吃了飯了大老爺說家裡有事二老爺是不愛聽世一
147,030260.wav,2,可破的劉備然後再打呂布徐州便可到手語是元素公升策改發兵攻打劉備呂布將人數的大將g0和劉備請只在中在原本設計迫使雙方和解庭戰約書不甘
148,030431.wav,1,且慢走一步我告訴個下一件事看可有法之響嗎我聽了此畫面依然坐下問是什是掌櫃到我家店裡雨了片子我到怎麼個騙法呢
149,030550.wav,0,誰知道初識這一天卻破了利他不到7點裝變回家來張太太很經營以為他竟已知了知了但暗暗的查看他臉上卻也並不見有什麼和外道暈的深情怎麼了這樣找一看定了他說發不及了領不
150,030754.wav,7,迷惑和若有所思的盲端上桂圓湯來呷了兩口說起身整一些人伸手與他的褲帶時不覺伸手之大腿粗枝角冰涼一片詹師傅的忙退出手來問是怎麼了
151,030826.wav,6,40西南方飄來一朵彩雲滿山頂大雨紛紛有人高校務空空以看來的是笑和尚彌勒佛連忙下拜說佛祖哪裡去呢勒佛說我專為收小林英的妖怪而來
152,031409.wav,2,引蛇大漢來見他問何人蹲約斯奈承流人性點名為用力過人就跟張淼與帳下人不合手殺數10人逃竄山中敦出色列建維族路過件應收與軍中
153,031643.wav,0,辛苦奔走了十多年暗地裡一顆蛋玩樂了他的性命幾個少年一期不重在監牢裡深受一個多月的股息幾個少年懷對遠致忽然中影全無連失守
154,031816.wav,4,不出兩個月折衷天子宴假歸天作為天子沒有太子文武百官一雙一側立端王召集當了皇上就是中國歷史上著名的風流天子宋徽宗
155,031950.wav,1,人家有什麼規矩所以他雖然做的總尋他那一位小姐已經上20歲的人了還沒有出嫁卻天天跑到城隍廟裏查管理喫茶哪位總巡也不禁止他忽然一天這位小姐不見了
156,032223.wav,0,再回覆已經高不可攀了都還沒有人著許多年我便遇在這屋裡超古碑刻中少有人來古碑中也遇不到什麼問題和主義而我的生命卻居然暗暗的收據
157,032293.wav,5,近來又有一名韓星隕落模特兒出生的精明盛現年45歲日前驚傳去世消息22日家屬也在醫院舉辦告別式因為沒人知道他的死營到現在還有許多粉絲與他的親朋好友對他的過世感到驚訝
158,032710.wav,7,少女題庫引他出來做耍正是無聊之勝兄來的正廟請入小哉一談彼此皆可消此擁著說著便令人送女兒進去自語希臘語春來自書房中
159,032776.wav,1,小站著一個每人每人手裡拿著把扇子上頭還用蛋花青峰出一個月亮來畫筆是不錯的旁邊卻聯徵代草地寫著劑之方才念的那種師我這才行的計之的話
160,033077.wav,3,活塞內燃機的工作過程有四個步驟進氣壓縮動力排氣
161,033214.wav,3,寄到台灣山脈走向大致與地質構造線移至北半部主要為東北西南走向南半部為北北西南南東走向由東向西可分為海岸中央雪山玉山阿里山等山脈
162,033221.wav,4,北投領說了陳達貝親經過陽春要請巢而出跟史靜聽個死活組成癮29說你我都去也只是白白送死我有一條苦肉計若成了死竟是會放過程達麼不成長們一起玩但
163,033451.wav,6,子扭了下要找來到黑風扇贈作者乎廳前面芳草坡上有人說話忙散在山崖下偷看原來是三個要麼坐在草地上上手是一個黑和左手是一個到人右手是一個秀才
164,033461.wav,4,鄭圖大叫打得好魯達罵你他娘的還敢嘴硬照他眼眶又是一拳把眼珠也打得出來正除忍受不住愛求饒命
165,033871.wav,7,於是款不行來剛入式門只見坐上師9之刻有一人啟聲大笑結爾出來口內縮其雨其雨雨村忙看時此人是都中在古董行中貿易的好冷子新折舊日在都相似
166,033958.wav,3,當的小愛神維納斯的兒子相對應於希臘神話的俄羅斯往往被塑造為手拿弓箭隊部長一對翅膀的調皮小男孩他的經建設入人心會產生愛情他的營建設入人心會產生證誒他經常無目的地下室
167,034908.wav,6,悟空靈機一動心生一計來到外面變成牛魔王無恙解下金睛獸騎上出了聲彈直奔翠雲山芭蕉洞多唱女不辨真假音階的假牛魔王不到的寒暄羅剎女2
168,034935.wav,4,時近代生在做幾個月軒是一時間要就三人殺官蔡紹中越這個家樂隊完了站在山寨落草為空中不是個方便要去銀斧頭跟王淨
169,034960.wav,0,自己的房門口幾個學童便一起放開喉嚨吃的念起出來他大吃一驚而多邊似乎敲了一聲親子間7個頭脫了小辮子在眼前晃晃的南方飛圈
170,035128.wav,0,走店的格局是和別墅不同的都是當街一個曲尺形的大櫃檯櫃裡面與背折熱水可以隨時溫灸做工的人幫午傍晚上了公妹妹花四紋銅錢買一碗酒這是二十多年前的是現在每晚要漲到什文
171,035135.wav,4,直線火把製中大統領立馬廷強大嗎哪裡在哪裡會出來覺會單複製參回嗎天殺的小人叫你認得撒嬌
172,035211.wav,6,名叫左勾拳原是天上七仙姑的浴池是妖精湛的鈉泉仙姑再不來了辛苦也不敢惹他們可見他們有些神通空又問他們佔此權幹什麼土地說洗澡一天3洗佛經41過50就來
173,035294.wav,7,瀋陽的巨人雖說年輕卻也是他進我我竟他從來沒有紅過年了就是一家子的長輩同輩之中除了身子道不用說了別人也從無不疼我的也無不合我好的就如今得了這個病
174,036330.wav,6,選一下子摔了個粉碎那要怪怪恨得咬牙切齒弄一陣狂風刮地八戒沙僧低頭掩面大盛情知不妙慌忙趕回唐僧已被妖怪社走空假期兩人說會收拾行李嗎
175,036803.wav,2,以準備都是漢朝官今天不想想怎樣報國而返校曹操回答道我不是笑什麼我只是笑大家沒有一個方法去刺殺董卓我雖然不怎麼樣但願意開下董卓的頭懸掛在城門上已達謝天下
176,036857.wav,4,小數學是就是蘇東坡的弟弟蘇籽油蘇籽油也不容得這種潑皮無賴又寫一封書信把高求見到小王都太尉處
177,036877.wav,2,當下應召不下有逃命的軍事報與曹操操文之孤島餘的眾人就其超竊取約炮千種兵殺無父子臭不共戴天易經繫起大軍喜當徐州芳雪無痕
178,037245.wav,4,魯達法兩包肉餡批面打去嗎到大家就是取笑你的兩包肉餡打在正途臉上恰似下了一場肉與弄著她入頭潤腦的
179,037982.wav,5,規劃建置的六大轉運站到中壢台鐵整合的車站希望能夠達到公共運輸無縫隙的目標屏東縣長潘孟安說屏東轉運站是第一個完成的分區轉運中心也是屏東縣綠建築自治條例通過之後的第一座綠建築會儘快樂提供遊客們便利舒適的接駁服務
180,038048.wav,3,急症要義和團運動以軍事行動公路中國的大英帝國美利堅合眾國法蘭西第三共和國德意志帝國2羅斯帝國大日本帝國好兄弟國義大利王國的8國聯合軍隊
181,038118.wav,1,我問你一句話你到這裡來騎過加行沒有我說到了上海時成績過一封到了這裏卻未曾記過既知道這就是你的錯了怎麼是多天功夫不寄一封信回去
182,038170.wav,6,悟空說我饒了你們這山上有多少妖精重生說只一個妖精就把我們害苦了還敢有多少他住在枯松間火雲洞中神通廣大床把我們叫去燒火肝門循業達
183,038599.wav,4,致伸網傳床上一座會中忽然翻上來啦啦啦吐了一地心得重生都眼上鼻子
184,038738.wav,5,一般燈泡警力是不夠的他呼籲全民共同支持警察嚴正執法從本年度旗髮夾關劃分責任區提早進入了分局裡面再從列管追蹤搜證到吵但我們的提
185,038762.wav,3,平洋巴士海峽南海台灣海峽東海所環繞面積約3點60000平方公里為世界第38大島嶼其中7成為3的比丘陵平原則主要集中於西部沿海地形海拔變化大
186,038806.wav,1,夫人拿出一雙翡翠鐲子來到這是人家要出脫的吵架三百兩銀子不知值得不值得請你拿到降真去姑姑嫁當下我答應了取過著子出來原來這家想真是一間珠寶
187,038848.wav,6,底價作凌霄寶殿東海龍王敖廣州上一本說是孫悟空強強定海神針大鬧龍宮請與的派兵擒拿接著幽冥思秦廣王又上了地藏菩薩的表彰說是孫悟空大鬧地府消了生死簿請玉帝派兵蒸餃
188,039043.wav,2,大園我被火山和度公發五根已經生死簿B引兵來攻我浮冰雨嗎03中後期兵半渡而擊之不可輕易家約增量測也於是令軍事掛下發上詐言操死
189,039138.wav,7,盛開請老鼠中過來散散悶看著從而生熱鬧熱鬧是這個意思誰知老祖宗又不肯傷戀鳳姐人為等王夫人開口先說道老太太昨日還說要來這呢因為晚上看著寶兄弟他們吃糖
190,039689.wav,5,年之前全球轉會有43個人口超過10000000的大肚會2050年之前全球總會有三分之二的人口居住在都市報告中的預測10年後印度德里章取代日本東京成為全國人口最多的都會目前世界人口約有55%居住在都市
191,039763.wav,6,長生不由心驚肉跳生怕碰上要麼孤狼故宮好不容易順著唐生卻見前面山坡上立一朝夫高聲說戲劇的長老小新山上有私人的很獨1無糖生魂飛魄散戶空忙上前打聽
192,040158.wav,0,棺木到一種的像安法王九媽又幫他煮了飯飯是動過手開過口的人都吃了飯太陽漸漸顯出要落山了眼色吃過飯的人也不學都顯出要回家了顏色魚是他們終於都回了家甚至導致很覺得頭旋歇息了一會到居然有點評論了
193,040210.wav,4,採取大城的建議經手書寫聖子一到這樣與香一柱清拆內外題點店前太尉紅行為天使前往江西龍虎山申請張天師行業來朝祈禳瘟疫
194,040281.wav,5,成大醫院發言人趙庭心說
195,040439.wav,4,蚊子又聽自身高校再不開門洒家將這鳥是一把火燒了只好悄悄抽出門栓
196,040679.wav,7,好燈時放下臉來喝命帶出去打二十板子裡面又直下寧國府對排出去說與來升格他一院迎你眾人聽了又見鳳姐妹荔枝是老了不敢怠慢突然的出去託人直排傳
197,040895.wav,1,防颱回了治軍治軍就把這件事歌曲了這位中雷西德勒茲性變天天去結交多數的巡捕歌詞哈求一個消息靈通此時那兩個錢莊幹事
198,041062.wav,4,兩個都頭間是不好轉身便走死竟敢上去症狀監理吃一刀把理及展作2段
199,041216.wav,6,柏青的父親前來說是唐僧的經文超出了他的亡靈就要到中原富貴家中轉身天明大家互說了夢記對抗生感謝不盡一家人劉長生吃了早齋拿出營養出現糖深深吻不受不親就帶傷力差空間送糖生騎乘
200,041515.wav,5,縣衛生局合作鼓勵酒駕犯申請公費補助解除911從根本防製酒駕意外的發生
201,041595.wav,2,畸變問以朝廷大事找約民工新一兵一卒暴亂入朝服昨天子15霸之功也彈珠強人書111
202,041604.wav,4,自身問創意有什麼是太空梭經驗老和嫁女兒致伸大笑說男婚女嫁人之常情有什麼不了的太空梭這門親事老和不願意
203,041606.wav,3,原來羅貫中慧型會生和生動逼真的表現令讀者如見其人如聞其身參與描寫戰爭場面和正政治痘有數個在是精彩絕倫如親歷其境資料更首創單挑場面凸顯武將軍
204,041975.wav,7,劉姥姥電起來梳洗了又將版兒教訓了幾句那反而才五六歲的孩子的無所知英檢帶他進城逛句練習的無不應成語是劉姥姥帶他進程導致您榮街
205,042038.wav,0,遇見這無子吹熄了燈行者他一面哭一面想想那時候自己仿真黏商寶兒坐在身邊吃茴香豆等著一雙小黑眼睛想了一刻便說
206,042106.wav,7,姑娘來了話猶未了林黛玉裡腳要再走了進來一件樂保育院校倒過來的不巧了寶玉的忙起身笑讓座保擇一笑道這話怎麼說戴玉笑道早知他來我就不來了抱才到我歌
207,042205.wav,4,光陰荏苒找到的八月中秋實境要跟3人飲酒賞月仙一日派裝克王是上山鄉要租無血的回書賞他是五兩銀子請他吃了10多玩九
208,042643.wav,4,魯智深在寺裡過了四五個月轉眼到了出東九淨思凍走出3們來到半山亭上多痣不成持久心中好不煩悶
209,042892.wav,0,今天才明白我也在其中混了多年打嗝正館這家物妹子恰恰死了他未必不過在飯菜按按給我們吃我未必無意之中不吃了我妹子的幾片肉
210,042957.wav,1,鬼混了幾天忽然一天同了兩個人來要看哪一幅花瓶乳液我們取出來給他看他看了說是通南京城裡找不出這東西來讚賞了半天病問價錢我們一個夥計見他這麼重一就有新同
211,043003.wav,7,正說著只見香菱笑嘻嘻的走來周瑞家的便拉了她的手謝謝的看了一會影響經串孝道到好的模樣竟有些像什麼東湖里榮大奶人的品格晶鑽笑道我也是這麼說呢周瑞
212,043402.wav,5,全部提出反未來將在全市範圍內禁止使用一次性塑料吸管還是平啊只出一次性塑料吸管很難分解侵入海洋每年會造成100000隻海洋生物死亡如果不禁止2050年大海的數量吸管數量將超過魚類
213,043607.wav,0,見了這少見的一份到有些愕然了但也就成靜下來我想還不如去清領吧這算什麼呢看著他的臉說我不去這是關縫不是賞前趙麗穎
214,043821.wav,0,床沿上放車靜靜的立在地上黑沉沉的燈光照著寶兒的臉緋紅利概易點心算是爪子心靈計算神仙也求過了願心也許過了單方也吃過了要是還
215,044413.wav,3,美國在台協會是美國國務院根據台灣關係法並依據哥倫比亞特區法律所設置的民間非營利組織其功能是為了因應美國與台灣治理當局沒有邦交易已經美國政府的一個中國政策等因素
216,044418.wav,6,先王法不管我們但陰間的閻王老子卻能管正我們總有一天會因年老寫衰而死一個通臂猿站出來說大王只有神仙佛不歸閻王管與天地同壽要想躲過輪迴
217,044445.wav,5,對不起霧社海軍多次和家屬商談賠償是已知識談不攏知道上個月出雙方達成共識海軍司令部將賠償黃金船長父親配偶和三名子女包括產之損失勞動力減損和精神慰撫金等費用一共3484萬點閱率超過5000000須報請期
218,044601.wav,3,棒球是台灣最受歡迎的運動被稱為國球在日治時期有日本眼鏡1992年夏季奧林匹克運動會棒球比賽獲得銀牌1990年中華職棒成立台灣成為寄日本和韓國之後亞洲第三個擁有職業棒球聯盟的國家
219,044682.wav,4,王靜也不在相瞞說出真實身份太空大喜說怪不得你51這麼高強原來是有名的教頭這裡是陝西華陰縣遠離京師你就關心著下吧
220,045002.wav,4,na2大王一吃的有七八分醉了問我姊姊怎麼不出來太空梭他怕羞不敢出來請到王吃幾杯2大王吃了幾杯酒要去見壓寨夫人
221,045065.wav,5,技術的臨床實際應用可以讓醫師數目前有更完整的手術評估縮短手術時間及減少出血量達到更好的治療效果未能提供國內臨床醫師自主開發高階醫療產品
222,045069.wav,3,要入選年度第一隊這是他15年的職業生涯中第12次入選NBA第一隊超越了湖人傳奇巨星小飛俠科比布萊恩的十一次證明了他是當今NBA第一人毫無疑問的地位
223,045144.wav,4,兩個牌軍在與妙煮好豬頭三牲左等右等不見王靖到來變回家去找誰知識鐵將軍把門相鄰居打聽誰也不知王靜母子去向
224,045311.wav,1,青卷在上海南市哪邊開了個大錢莊看見他老實就用了他做個跑接我不懂得跑姐是個什麼職業先要問名己知道老街是到外面收藏的意思有什到外面打聽行情送送單子也是他的事
225,045361.wav,6,長生問你肯鮭魚嗎不禁說地址猛菩薩勸化權法名沙悟淨的能不皈依師傅山杖讓護空取戒刀給吳晉kill頭見他真相的和尚就給他取混明沙和尚
226,045472.wav,5,華今年有21所高中職辦理完全免試入學招生但考量學去封閉性未來是否有潛力發展成區域型學校等條件最後有包括新北市金山高中雙溪高中花蓮縣光復鄉公寓裡高中啊竹高中高雄六龜高中等15下今年將採取完全免試入學
227,046304.wav,7,小丫頭子們你們在這裡小心者我家裡去挖了衣服就來敲敲的回憶太太別人他的信都給他吃說這店家去了這裡是還有三四個婆子都是不關痛癢的健筆媽媽
228,046638.wav,0,是我後來談的是一個老朋友驚心意將手帖大皮夾放在鋪桌上脫下常山對面坐下了因為怕狗是護心臟還在怦怦的跳動你猜我這些有什麼用有一夜他翻著我那谷背的抄本發了研究的質問了沒有什麼用那麼你抄他是什麼意思呢沒有什麼意思
229,046765.wav,0,當選錯進來愛說差不多這一句話幾乎成了口頭禪寺的而且不但說的確也韓劇在他腦裡了他最初說的是都一樣後來大約覺得欠
230,047079.wav,6,大社研習輪方向美猴王獻花敬酒痛飲一日隨後猴子們則來哭墓小豬邊那個法子又在發上堆了許多國品給猴王當乾糧美國王村開發紙條路茫茫大海恰逢順豐
231,047246.wav,4,預防冠軍功山盛達說明天我就去華陰縣解量看他如何陽春說去華陰縣解量須從史家莊路過九紋龍史進不是好惹的還是去普成解量為好
232,047806.wav,0,我忍不住便放聲大笑起來十分快活自己找的這笑聲裡面有的是一永和正器老頭子和大哥都是垃圾被我這勇氣正氣正壓著了
233,047827.wav,1,張鼎盛同你說些什麼我說並未說什麼他問我討主意我說沒有煮一油燉煮到你叫他同我商量呀他是個素不相識的人
234,048119.wav,0,老太太性製造收到了我實在喜歡的不得了知道老爺回來潤土說啊你整個這樣客氣起來你們先前不是哥的稱呼嗎還是照舊訊鴿
235,048248.wav,1,叫他教育服台服台見他圖形凸狀的又有魔王爺的信教好好的照應他這福台是個極圓通的人雖然疑心他卻不肯去看問他
236,048565.wav,2,金蕉產不過一女子與不奶太師新富猛將演太失落就此機會以嘗試不不敢大恩鼻屎報泰獅泰絲起子3C著沉吟良久曰乳癌一是我當思齊
237,049113.wav,0,甚至導致傷者也從不行所有的是一眼覺了東方漸漸發白從裡頭竟了銀白色的曙光明白的曙光又漸漸顯出緋紅太陽光姊姊照到無極戰士
238,049541.wav,4,政府政看火技能賣肉鍵入打進來忙招呼一下官人你要買肉魯達說酒家鳳小種精液相公的命令買10斤斤肉不許再一丁點肥的細細切成肉餡
239,049550.wav,6,照度唐生茫然下你成為要吃任助理是做氣功治又吃的是生陶松子助理是親戚讓他度過空就嘴對嘴給國王度樂器輻射會國王火過來她起身就磕頭拜解救命之恩
240,049581.wav,2,你不要派人接回劉備讓他住家小姵元素沒有出道劉備總覺放心不下一天江東孫策來索取內科抵押債元素手上的傳國玉璽元素一面回信推託意麵照級數下文物商量對策
241,049837.wav,4,時間與3人見過李英九賞月正式的高興護停外面一陣那韓國寶亂晃實境大經在牆上靠一張貼紙上去看直線花英現現為帶著兩個都頭只會給百冠軍爸專用為那個水洩不通
242,049965.wav,4,東京開封府有一個破落戶子的性高排行第二次又不務正業泡死槍棒踢得一腳好氣球人們都稱他高球
243,050290.wav,6,奇哭亂教師組自殺人又不見了家殺怎麼好不空把所有和尚的箱子收了一遍也沒找到切糖生把緊箍咒樂園唸了十多釆潭地形著滿地打滾求別念別念讓我去行家殺
244,050666.wav,1,得悶了想往外散步消遣就恐怕在熱鬧地方遇見那蒸煮朋友適量不如往城裡去逛逛到還清靜些碎性不走到一廟禦園遊玩一番然後出成正走道
245,051093.wav,0,再去增天母親也說好而且行李也略以及目的不便帶運的也少但賣去了只是生不給錢來你休息一兩天去備忘親戚本加一回
246,051126.wav,6,就可變初四大部洲各種身臨的來歷的聽將耳貼的細聽片刻小聲對地藏王說雖然以聽出要寫來歷卻不敢說破地藏王問為什麼不能說破的聽說那要寫與大乘法律相同的服務例住大乘期
247,051180.wav,4,是來時竟一閃生存檔次的隔空撞入死進懷中實境亦伸手將陳達夾起扔在地上中莊課一擁而上把陳達綁了百失明樓了一哄而散
248,051284.wav,3,禦姐屬於安山岩珊瑚礁島由珊瑚礁組成多分佈於南部海域包括小琉球七星岩陸連島和平島中山站與銅牌與元與台灣島分離音新建和平橋而相連
249,051544.wav,5,甚至比好時舉辦公投不能貿然審查國民黨立委孔文吉蘇偉協商時各執一詞始終法達成共識最後會議主席有美女都用表決否決心
250,051557.wav,1,在示錄中這句話我不變直說出來只好心裡暗暗好笑雖然那中未畢竟是如此你看記之他見我窮途屍路便留我在此居住十分熱成這不是股
251,051589.wav,6,你這猴硐十分無禮害我兄弟說師可悟空對嗎你這般無你一個妖精的性命者不得我師父師的連白馬寺條命被你們無不抓來我心何忍少廢話快把他們送出來多貼些盤纏著了你的狗命
252,051760.wav,0,即使一早做到業能夠養活你們嗎況且我肚子裡也沒有著許多文章那麼過了結怎麼辦呢過了姐罵人著作觀明天店家來要錢你只要說出發的下午
253,052076.wav,6,斥責任務公不該連商人命又無法為他取笑哭了之後蝦子一算說你是不請客就有3分之難不久就會來尋你你就在我這裡住幾天帶我跟他說說還叫你把他去西天取經悟空不敢造次就留在普陀山
254,052239.wav,7,甜的心中疑惑而幾分卻又眼看著鳳姐初審結束日最新染是飯後賣弄才一段雖然當教頭當也因為辦過婚商大是恐龍還不符包不得遇見這是今日見夾真如此一來她心中早已歡喜
255,052661.wav,1,同在一處主廚耽擱了4個月到了年底方才扶著零糾纏的人傳回家鄉去其實則日安葬過了殘冬青年初四五日我伯父便動身回南京去了
256,052733.wav,6,雙子的糖上說那上手做的就是我師父那怪怪的叩頭說師父的旨師引導之師父祝我撞人家我早就來拜你了三丈說悟空最要為什麼拜我無空說呆子你說難怪就把菩薩勸化的事說了一遍
257,052990.wav,1,有去過一張信紙來寫了收到來信誼建使照無公館收條13個字給那來人帶去接了1點多從哪來人又將收條送回來說是既然無老爺不在家可將那封信發回帶我們
258,053012.wav,0,他自從前年熟地瓜變虛傳靠著自己的一雙手彷出棉紗來養活他自己和他3歲的兒子所以說的也是這幾天去找沒有訪銷的聲音了但業生沒有說的竟然只有兩家知單是找比較有聲音辨識然只有老公們聽到沒有聲音也只有勞工們聽到
259,053293.wav,4,2人幾近一看是個死槍棒賣膏藥的使勁細辨認出是他開手的師傅江湖上人稱打虎將李忠
260,054185.wav,4,別的和尚來勸時自身生下狗肉造者45個光腦殼一陣亂打中生被打不過取出一般要來個集體大分桃誰也禁止不了
261,054202.wav,6,殺生就讓八戒去照胎八戒不去糖生不讓二人多說與女關鍵理財政廳坐下吃泡茶提出觀聞來源觀看了齊堂生是天朝琴差被夾公斤柚見光明上之血有唐僧法號請教悟空三人姓名片上朝齊奏
262,054304.wav,0,我看了不認識了嗎我還抱過你們家二郎了幸而我的母親也就進來從旁說他多年出門很忘卻了你該記得把臉向著我說
263,054319.wav,3,加把德國在山東的權益轉讓日本從而引發了以學生為主的愛國運動45運動又稱第一次天安門事件指1976年4月5日清明節後的第一天超過百萬群眾聚集於天安門廣場悼念已故
264,054548.wav,4,許晉江純達哪進裝綁在大廳中柱子上指戴哪了另兩個賊手解去線裡清掃
265,054549.wav,6,旭陽今天是說常言說一路響以物也許就有天將偏能想他不空梭織號領域的的人情就請派托塔李天王與哪吒三太子祝我下界想要
266,055170.wav,6,婦人說我也不嫌醜只怕小女有些嫌他解說我雖走卻有能耐會呼風喚雨跟的不用牛婦人說你去跟你師父商量我去跟女兒說說八戒也不放麼又牽回來
267,055183.wav,1,我的伯父拿起來一看對這張鼎盛說到這才是吳家謙李君這副文居然是大大方方的奇公司嗎一點也沒有弄錯定存看著我笑了一笑並不回煙波附幼徵著父鐵
268,055326.wav,0,最可憐的是我的大哥他也是任何已好不好怕而且合夥吃我呢還是你來灌了不以為非呢還是上了良心明知故犯呢我詛咒吃人的人先從他洗頭要去短吃人的人也先從他下手其實這種道理到了現在他們也該找一種的
269,055327.wav,0,你是說任土哥你來了我接著便有許多話想要連著一般湧出腳機校園背殼茶感又總覺得被什麼黨這次的單在腦裡面回
270,055848.wav,1,生就這麼走了土強裡面丟下了百十來個空箱和氣門也走的也都沒有安裝上的人吃一大驚連忙道會審公堂去控告又出了上格上了新聞只告白想去做他這卻是大
271,055875.wav,4,置身在裝門上以了殘障跟莊客說要藉注射液專課不容置身大怒正要發作一位六旬老手走出來問你們到什麼裝克說這和尚要打我們
272,055923.wav,4,2大王趁亂逃出去上了嗎逃出裝門大罵劉太公老驢不怕你飛了上山上逃去
273,056261.wav,6,南無大元帥哪吒為三壇海會大聲李靖父子連啟天兵命巨靈神為先鋒1度將電後要差將督促兵馬出了南天門來到花果山楂下營在命巨靈神去挑戰
274,056577.wav,2,一面天氣馬步兵170000項難進發元素只是堅守不出要帶超輕量鏡自己退去朝軍人多糧草漸漸不夠冰是怨聲四期考查決定退兵單未平息眾怒點殺了梁冠王並穩定的龜心
275,056723.wav,7,其有個不叫你見個真佛具的論理人來客製回話卻不與我相干我們這裡都是各佔一隻而我們難得只管春秋兩季的珠子賢時只帶著小爺們出門子就完了
276,056747.wav,7,寶玉道既如此這是什麼香寶釵想了一想笑到四樓是我早起吃了玩樂的香氣寶玉笑道這麼玩樂這麼好玩好姐姐給我一碗常常跑才笑道又混到了一個要也是混吃的
277,057029.wav,7,燈下擁爐眷宿找命濃新宿被2人說下去只算行程該到何處不知不覺已交三谷瓶而已睡熟了鳳姐方決心眼微盟恍惚時間情是從外走了進來含笑
278,057394.wav,4,你的公文你怎麼敢去觀看若不是老和看見你起不被做工地拿了魯達說你們走後我找那陣圖紙3全變打死了它你如何也在這裡
279,057535.wav,2,劉備見黃巾軍退走電影軍返回廣中半途中忽見一隻龜媽呀這球車而來上前一看車中犯人竟是如此慌忙下嗎詢問原因才明白左風應如此為諷誦經營便在皇帝面前史
280,058377.wav,6,2人行道天晚到一座裝院投訴公主太空聖經接待說此處視系張哈密瓜泉莊園都心佛他見白龍馬沒有安排就送上一副又送了一條火機嗎邊這是師徒登盛轉身不見了裝院旁生枝是山神土地顯靈點忙禮拜
281,058414.wav,3,理察和莫里斯麥當勞兄弟在美國聖貝納迪諾創意今日麥當勞餐廳前身1948年引入快速服務系統首創意快餐原則1955年4月15日行政總裁雷克洛克
282,058707.wav,3,花茶杯世界上的絕大多數網站所使用也被世界主流瀏覽器支援交85度C一門幾1元型含是先行的語言是一門都換式的語言它支援物件導向編程指令室
283,058962.wav,3,黑帶q daij代十大於9大於8大於7大於6大於5大於4大於3厚比花色台灣大老二玩法黑桃大於紅心大於0行大於梅花
284,059093.wav,1,是這麼說你也不必著急我今天見了翻台他說此的大官的差使前任委員已經滿了期了打算要叫我姐辦大約一兩天就可以下達指哪裡左右要請朋友你就可以解
285,059101.wav,4,校園外語魯達新手進了草堂請魯達上坐命人殺雞仔鵝款待魯達魯達再裝上住了六七天每日禮盒趙員外書些槍法51到也投機
286,059375.wav,6,回到洞中把糖分慈悲饒命之事說了一遍三個魔頭上一送唐僧大模二模具口服心服只有三無不符說出一條毒劑來大無二無間齒技高明又變了掛便命令小要一進行式
287,059598.wav,7,妥帖好味送靈人口寄居不想如今後被人口繁盛期中平婦不宜貨行情參商有哪家夜間難安份的變住在這裡了有那上排場有前世的只說這裡不方便一定另外和村莊混泥岸巡個下去
288,059750.wav,7,兩圓柱瑞襄陽侯的兄弟老三來求我現拿了1500兩銀子送到我家裡你知道咱們都是老鄉與不知怎麼樣看著他爺爺的份上胡亂應了還送了一個缺誰知永新節度使紅胖子來求樂
289,060000.wav,4,宏信口送天尊寶號獨自登山翻了兩三個山頭走了約有二三里路易經腳酸腿軟心中有些不會
290,060050.wav,2,於是調任別來到呂伯奢的家裡見到呂伯奢一般車隊曹操說我聽說你的父親已經逃往成流了今天晚上你們兩個可以在這裡住一晚上說完便對成功說我去西村那邊塞酒來給你們喝等我回來
291,060179.wav,5,管導致眼球內出血結巴根據國健署2011年調查糖尿病視網膜病變盛行率大約26.5%也就是大約每3到4個躺久就有一位並發視網膜病變早期通常不會有任何症狀等到眼前出現浮動的黑點視力下降時病變已經對勢力
292,060241.wav,1,蛇是什麼意思或者因為上來未曾見過也未可知既知道這又吃了你們自己一家人為什麼沒有見過我到家博士在北京長大
293,061451.wav,7,自古忠而復始起人力能可寶藏的但如今能羽絨時籌劃下將來摔死的事業一可胃腸保留權人及如今日豬是都躲只有兩件未妥若把尺是如此一行則日後可保永全了
294,061462.wav,6,木工搖身一變變做是紅蜻蜓飛出去帶子簽證嗎轉到後門街那婦人與三個女兒正在門外看菊花
295,061514.wav,0,前10年是絕不會因為沒有看戲的意思和機會大量回權在後10年然而都沒有看出什麼來就走了我以為是民國元年我初到北京的時候當時一個朋友
296,062098.wav,4,九寶慌忙趕來魯達氣憤地說你小子怎麼叫人在隔壁題庫角亂我的胸吃99寶說官人喜怒提出的是賣唱的父女倆因沒賣到前提哭魯達說你把他們換來
297,062522.wav,2,我爸非約你女婿是誰要約旅不是也非大怒曰我本不與答你你把呂布來下我我偏要打你我打你便是呂布豬人勸不住將朝報編制50種人苦苦誥牢房子
298,062944.wav,5,台北市大安區下午停電有網友在ptt上留言在台北市天龍國上班送雄螢幕黑掉辦公室一片哀號至市府指出停電區域僅限於光復南路一帶供436護理負電剪是短時間跳電原因仍待查
299,063058.wav,2,扁頭城劉太守張邈去了陶謙打不過曹操情願自行綑綁前往超引擎最不舒民族主張向被害恐龍清粥甜嘅球員陶謙同的民族的意見泰成等到清州女主去北海球員
300,063560.wav,3,那就完成所有運算工作其實是一部簡單的伺服器系統至少就要有兩顆中央處理器同時工作20世紀90年代之後在電話數據機mdm技術成熟後有彩萍的電話撥接升級為寬頻資料之代表網路新時代來臨
301,063944.wav,7,但不能永遠依市況又有美中不足好市多摩八個字緊相連署瞬息間則又熱吃杯生人非物換究竟是到頭一夢幻境歸空倒不如不去的好
302,064067.wav,3,以前一使用統一分類一類含碳可燃固體之活景如牧草紙張塑膠橡膠一類可燃液體之火警如汽油柴油油機油酒精
303,064185.wav,5,後則可能這樣到時23度中央氣象局預報員謝佩芸說過年假期的前半段也就是今天除夕一直到初二這段時間各地的天氣都是情人穩定氣溫上也是一天比一天還要回暖所以相當適合外出走春兒少的出生之後隨著東北季風增
304,064533.wav,6,行者巴切桿上老虎行者1棒打下站的手藤八戒又時一般爸爸也談起來卻是實上帶著一張虎皮不空大經說不好我們從來金蟬脫殼記了
305,064652.wav,2,後背正在樓上宮女暴力如質的大金如以正九鳳弟弟問何故如曰春日榮和董相國
306,065076.wav,2,看著大怒放人對蔡邕說道你要是不來我就幹掉你全家蔡邕畏懼他值得上任董卓見到蔡永和大洗菜用一個月就生氣了三次最後成為了四中
307,065452.wav,1,可不是嗎然而從得要一個人在至龜哪裡說句把話所以縫球老哥被兄弟在方柏跟前申訴申訴求方我好歹帶我說句好話這是就容易辦了既知道
308,065509.wav,4,智勝文德肉相尋到後面先估一看頓這一條狗取出銀子買來半隻狗店家倒些蒜泥與他交狗肉吃
309,065640.wav,3,不是分在叢林中與您服侍你們有玩什大的突然裂開冥王黑帝斯趁機把它被劫走了我設分的伯父黑帝斯早就愛上了他在這斯的默許和幫助下才實行了此次計畫
310,065723.wav,0,雨的樣子和這幾天我大哥的作為便逐客戶出發9分了最好是解下腰帶掛在樑上這幾天進歌詞他們沒有殺人的罪名就長了心月自然都歡天喜地的發出一種污液的笑聲否則今夏就醜死了所以這略受也還可以收成幾下
311,065829.wav,6,多日來到和周為這裡是大唐和西域的邊界月總會黃梁一曲深秋天氣機覺得早味天堂生聽見雞叫就起身趕路只有4更走了幾十里山路越來越氣虛症害怕連人帶嗎都跌入陷坑五六個小要趕來將人馬都租
312,066074.wav,2,中壽朝廷恩命特來相賀玄德遜線只見張飛可見上癮要殺呂布懸得慌忙煮著不大驚曰義德和故只要殺我將非教約曹操到你是無意之人叫我哥哥殺你選
313,066154.wav,4,91年來河清海晏天下太平水尿了吃杯生人鍾家又三年春江南瘟疫流行不久便傳至東西二京
314,066228.wav,3,雨中唯一的血肉之軀所以伯爾修斯受到雅典娜和赫爾墨斯的質點才成功砍下他的頭顱並殺死他泊爾修斯將美杜莎的頭顱裝在特製的皮囊中隨後飛上天空好走了在天空中還遭遇狂風在經過利比亞
315,066307.wav,2,不知太師肯不肯收納董卓欣喜若狂再三感謝王源便派人將貂蟬連夜送到董卓甫商標禪淨心佛寺董卓百般討董卓的歡心但一間旅步怯怜怜麼眼淚呂布心如刀割心裡恨透的動作
316,066362.wav,3,你的名字是日本動畫家新海誠編輯與知道120 16年8月26日在日本首映的動畫電影
317,066547.wav,4,次日一早兩人正想離去卻被小二籃下魯達趕來的耳光把小2打個筋斗滿嘴流血突出兩顆斷崖來
318,066640.wav,2,料理不聽從成功的計謀早做埋伏草屯佑百草茶配鋁不追趕無法脫身吃的大聲呼救正在危急時刻下候領一對援軍趕到結束呂布纏鬥站到黃昏時分忽然下起大雨雙方各自收兵回營
319,066699.wav,2,只見一位少年將軍面如冠玉眼若流星蝴體原B標複狼1手持長槍坐騎駿馬重症中飛出原來那醬吃嗎藤枝子法操字孟琦年方十七歲英勇無底
320,066751.wav,1,連勝教授課壓的醫生開的大門我不覺立定了腳抬頭往門裡看直接有四五個家人打扮的在那裡垂手站班裡面走出一個客來生的出沒大木身上穿了一件灰色大部的常山趙上一件天青
321,066861.wav,4,洪信正要前行忽聽一陣悠揚的笛聲由遠而近抬頭看時卻是一個到同到期一頭黃牛橫吹蛇管鐵的轉過身凹來
322,067174.wav,7,原來叫他兩個進去鳳姐喜樂手換衣服手繪圖問他們換不換保育不換值得罷了家下僕婦們將帶著行路的茶壺茶杯時警惕和各樣小時段來鳳姐等吃過茶帶他們收拾玩
323,067341.wav,5,我國免簽證待遇位居第一第二名的德國新加坡享有188個免簽國第三名的芬蘭法國義大利南韓西班牙瑞典可免簽186國
324,067711.wav,6,老魔錄問是誰失的火一個小壓縮袋王看來是偷影節在的賊人幹的老模仿然大悟說怪不得跳蚤連咬國兩口定是悟空那賊來偷我寶貝不成就偷的兵器火龍
325,067984.wav,6,木刀整人上正對的四個老猴走過來兩個是紅屁股嗎後兩個是通臂猿猴說東方200裡就是傲來國國中必遊鐵匠大王可以去買些兵器來教我們使用保為山寨目空一
326,068280.wav,1,要是最好不然就放在店裡寄賣也好我們大眾火雞就問他是什麼東西他就拿出來看是一種與否確有1尺五六寸高還有一堆白玉花瓶一隻芋香翡翠如意一個班子這幾件東西找我們去看點
327,068668.wav,2,絨被去工生站處借35籤人嗎隨後便來榮約工切勿失信玄德曰公椅背為何如人也是人云自古皆有死人無信不立劉備借得君和解不得君必然清志
328,069124.wav,7,但是怎麼樣清潔劑知道這是前兩年的事了青少年自台隔熱心參訪佛的病年輕的時候本來是不是有得到如今日大聯繫他那17 8401太太還有六七方那他忙的丫頭都不在那呢他是好色的名出了就有人想拿這個巴結他
329,069157.wav,0,旗津一手捏著象牙嘴白桐鬥六市多長的湘妃竹煙管低著頭慢慢的走來坐在矮凳上6斤也稱是溜出坐在他身邊叫他爹爹期幾沒有印一代
330,069798.wav,4,跟王世神州天子的第11集哲中天子的弟弟子長東宮還好久大王琴棋書畫吹彈歌舞踢球打彈無所不精
331,070031.wav,6,悟空穿上緊一代小花帽長生就唸起經骨頭來空指教頭疼倒在地上直達混亂扯警孤兒唐生怕她扯斷了就住口不念空頭不同的就取出放來往外翹孤兒
332,070035.wav,5,我看顯得寬不養生鍋是一湯匙的沙茶沾醬熱量908大卡在大吃大喝之後別忘了講開補救行動我們大家都知道說出的時候我們可以去運動啦消耗一些熱量之外的話就是我們可以用代餐的方式帶餐過敏是他其實就是取代謝
333,070544.wav,2,離等見秋色不曾變結和十幾萬人馬上向長安呂布的地不住要往遠易通逃走往遠不願意與不變自己投靠元素去了理鍋4的兵馬沙鹿精誠薑黃功重重包圍大成恐慌只好請線
334,070579.wav,5,你會長給工作壓力太大機欠地下錢莊十多萬元每天被高利貸追著跑去年11月間離姓男子是先戴著棉質手套到五福店按摩收費結果竟趁機從後方供給老闆娘頭不禁莞被害人求饒雷姓男子還持續攻擊並用吹風機電線勒婚被害人之後搶走店內30000元
335,070793.wav,5,苗栗完成立法加強關懷陸生與陸配促進兩岸青年交流會吃兩岸經貿往來文件有續強化服務台商等事項內容而在兩岸互動新聞是不噴裝小説表示將掌握大陸情勢變化原因應對策美國川普總統即將上任整
336,070964.wav,5,發燒orange集團向美國德拉瓦聯邦地區法院控告宏達電和奇美國子公司指控對方侵犯五項行動通訊專利權包括數據傳輸錯誤檢查和行動設備數據儲存相關專利
337,070988.wav,0,但他在我們店裡進行卻比別人都好就是從不拖欠雖然間或沒有線前暫時寄在粉膽炸彈不出一月定然還青銅粉感上是去樓空軍基地
338,071160.wav,5,何種類在長達86頁的報告中臉書公佈今年首季刪除865800000則貼文大部分是垃圾文章魚網路影像暴力求婚言論和恐怖主義相關的天文景在手術室外
339,071162.wav,0,清水寺碑體力這種東西似乎連人要吃飯飯要你做你要錢買這一點出錢事情都不知道對啦沒有錢怎麼買你沒有米怎麼煮他兩頰都不起來了
340,071332.wav,2,覺得自己的對手又少了一個更加焦很殘暴1次驗型百官晉江頭強他的士兵是上百人當堂砍斷手足割掉耳朵挖出演出用大鍋燉煮白光嚇得直打哆嗦連筷子裡不會拿了動作卻好像什麼事情也沒有發生一樣
341,071395.wav,1,老太太道大哥往常總說你聰明的人將來不可限量的因此我也時常記掛著你自從你大哥進金之後你怎麼沒有到我家去你進的學沒有呀我說沒有
342,071778.wav,4,紫禁說師父多時不見自己中說土地怎麼來到這裡對不知道他說騎士十大郎的師傅也跟南一同吃幾杯
343,071826.wav,2,一天你不要來挑戰北平太守公孫瓚大怒英戰呂布沒幾個回合變敗下陣來張菲姐鑄旅部連站五十回合不分勝負關羽箭張飛不能取勝便上前來助戰劉備見兩個地底戰不下呂布
344,071871.wav,2,動態後聽後大喜第二天早晨時動態後親自主持朝政傳子瘋狂子流血圍城流亡統計的哥哥懂從微調騎將軍並讓蟑螂幫他處理曹正皇帝劉
345,071932.wav,3,南投縣信義鄉高雄市桃源區吉嘉義縣阿里山鄉交界處位於玉山國家公園中日治時期十音日本人發現玉山比日本本土的富士山還要高於4倍
346,072117.wav,6,八戒酒駕不盡快來發生感來說原來是人生購物空說你吃過殺生說沒吃過卻見海外參先給王母祝壽現過吃飽3人一人一個分了
347,072125.wav,7,評估老爺是九月初三日是什麼地劫在了林姑娘童送靈菇老爺的林到蘇州大約在年底就回來了2也打發小的來報個性情安討老太太是下來瞧瞧奶奶家裡好覺把大毛衣服帶幾
348,072188.wav,3,秦朝統一天下後北方的外族威脅較大有匈奴東湖雨夜市的其中以鬆如最為強盛
349,072224.wav,0,東西第二日我便要他不鳥他說這不能須大學下了才好我們殺的上下了雪我找出一塊空地來用短棒知其一個大竹扁打下的苦看你
350,072243.wav,6,悟空大陸說老身分享一棒打死你又無人給玉帝老兒抱信你看我這幾號他要如此封我就罷了不然的話老身就反上凌霄寶殿叫他做不成龍床巨靈神抬頭一看那高聳入雲的旗桿
351,072247.wav,1,還在肉上裡面不便出來逛逛就回我過上還是偶然看見一間騎士如今出發找了我才記起來那天我因為出來技嘉興順路走到一家茶館去看看只見那喫茶的人男女混雜上略並做的
352,072464.wav,5,引發教師團體查理布滿月會員退方案上路後老教師不能退薪教師經不來將衝擊教學現場新北市教育產業工會副理事長林文理說117年的為退休年齡為60歲但是必須等到65歲才可以開始支領退休金
353,072666.wav,4,鄭主任無可忍說你不是來買肉的是故意取像我的魯達把兩包肉餡批面打去嗎到哪家就是取笑你的
354,072935.wav,3,希臘位於歐洲亞洲和非洲的十字路口戰略地位重要其位於巴爾幹半島三個國家的南端702爾巴尼亞北部0馬其頓共和國和保加利亞東北領土耳其
355,073494.wav,3,各族及漢族在華北地區建立數十個角落不等大小哥一的政權其中存在時間較長及具有重大影響力的有五胡十六國五福亂華破壞了中原的政權和經濟架構但也使北方遊牧民族與漢的愛
356,073578.wav,3,奇美國佛羅裡達州南端所形成的三角形海域巨城經常發生超自然現象及違反物理定律的世間面積約1160000平方公里但是百慕達三角守衛生命的說法並沒有得到科學界的廣泛認同
357,073838.wav,3,1895年大清帝國瑜甲午戰爭戰敗將台灣割讓給日本台北人做為日本同理台灣的政治中心
358,073983.wav,4,兩包肉餡打在正途臉上下次下了一場肉與弄得他露頭肉腦的他不由大陸抓過一把屁股尖刀跳到接上說有種的過來
359,074047.wav,2,戰諸侯耀華雄卻自告奮勇要當先鋒董卓建華雄生的威5點不給他嗎步兵50000領他前往四水冠瑩的瞬間部將成普交戰中殺的話雄副將胡軫身兼指揮人嗎
360,074710.wav,1,哼了一聲道你哪裡懂得我這個是大西洋紅毛法蘭西來的尚好龍井茶只要這麼三四天就夠了要事多泡了幾天要鬧到成年不想喝茶呢堂上的人只好同她抱上了
361,074747.wav,6,你是陳水的保健室戀麼的單子是山火的繩子是我束腰的兩個怪一個是看金爐的桶子一個是看淫毒的桶子他倆都樂寶貝私下凡間被你拿了得了公雞
362,075282.wav,7,你們原是和精靈王家連過中的20年前他們看成你們還好如今自然是你們啦飲食的不肯去付就他顧疏遠起來想當初我和女兒還去過一朝他家的二小姐找食享會會帶人的
363,075477.wav,7,寶玉看了能不解電又指了再去取政策看直接頭一頁上變化這兩株枯木木上選擇一為與代又有一堆雪雪下一股精沾
364,075732.wav,1,雜誌已經發了下來但約半個月那我就要到差我想吃你做一個舒淇因為別的是你未曾犯過你且將這些我還在漲房一起上掛上你一個名字那帳房雖是煩
365,075782.wav,3,秦朝的軍事制度原至秦國商鞅變法的基礎上發展起來秦始皇堅韌帶位以掌控金錢
366,075888.wav,6,前走中神變成個老道敲著於鼓迎上前去不多時小要來到無空暗中把棒一生兩小要半個倒栽蔥爬起來說你真無聊要不是我家大王敬重道人潮不了你
367,075891.wav,0,回鄉的我吃一人一顆還是吃完豆腐仍然不散眼睛都望著碟子裡擠著了慌生開無紙漿疊字造句還要下去說道不多了我已經不多了直起身又看一看
368,076016.wav,1,我到如此說內的是沒有這風氣得了不能到內的何嘗沒有從前上海澄裡也是一般的女子們上茶館地上酒樓的後來被這位總巡境覺了
369,076606.wav,3,基督教用來紀念耶穌降生的節日西方基督教通常將此節日定於12月25日不認同耶穌為聖人或是為了政治正確的族群則稱之為聖誕節一為耶穌誕辰日
370,076912.wav,7,南路木炭生兩靨之愁嬌襲一身之病淚光點點嬌喘為惟賢近時如姣花照水行動處似弱柳扶風心較比干多一竅病如西子勝三分
371,076992.wav,3,維加泰隆尼亞1比利半島都周美智取全球最成功和最受歡迎的體育俱樂部此一主場刊諾普體育場可容納將近十萬名觀眾是全歐洲最大幾世界第三大的足球場
372,077015.wav,0,後來想一人得主張得了帳號是初期前進的反對是初期陣頭的獨有叫喊聲人中和生人並無反應計費贊同也無反對如置身毫無邊際的荒原無可錯手的了這是怎樣的悲哀和鮪魚是一我說看到這為寂寞
373,077201.wav,7,吳政育品1西濱漁村變相託有利無了進去且做安生之計廟在只一個女學生病兩個半讀丫鬟著女學生年幼小身體又吃卻若功課不限多寡估10分散力
374,077409.wav,4,置身跟長老來到方漲漲的安排受傷的人自去休養又寫書信告知趙員外讓他修理半山亭金剛
375,077483.wav,2,夜晚兩人行了數裡終於找到了客棧投宿餵飽了嗎曹操先睡了成功想到我以為曹操是一個好人沒想到竟然是這樣的很心智圖如果留這一定是到貨換變爸間想幹掉曹操
376,077517.wav,6,身體我們就拜祂為王時候挺身而出把眼一閉跳進瀑布裏面卻沒有水有一座鐵板橋過了橋有一個山洞洞口立友誼通石碑上刻花果山福地水簾洞洞天進了洞
377,077749.wav,6,我見了娘娘她又不認識我拿上一間他心愛之物他才會相信我國王說他原來帶有一雙黃金寶穿因那天是端午晚上要閂五彩絲線就取下來收藏在梳妝盒中
378,078114.wav,3,該網站宣稱允許用戶免費註冊且完全並永遠免費用戶可建立自己的個人資訊及聯絡頁面其中包括相片及個人喜好與興趣的用戶之間也可以進行公開聊天留言或私下留言用戶
379,078193.wav,1,吃盡當光之境單光子怕不能夠這麼樣了一絲笑到松第一組織日子乾哪裡知道的許多納奇人是最會擺價值的認識窮到怎麼樣還是要擺著窮假只有一
380,078624.wav,1,高身輕了以為奇怪走過去看看其人喝的那晚茶丸裡尖削者34片茶葉就是平常吃的香片茶蛋一碗泡茶的水果說沒有紅色連黃也不曾黃義煌進士意外
381,078670.wav,6,太上老君一見他忙喊大家只係偷登仔又來了不空失了你笑著說老倌兒房我幹什麼老孫不幹那事了
382,078832.wav,6,悟空問你家住哪裡姓甚名誰要聽說我家祝福陵山雲棧洞與相貌微信叫豬剛鬣我自由本是怕他神魔法師
383,079165.wav,4,等了幾日帶傳帳借刀打好吃了殘障配樂刀削帶上兩間冰器直奔東京
384,079383.wav,3,是一種從任何一種資料中建立小的數字織紋的方法雜湊函式把訊息和資料壓縮成災要使得資料量變小將資料的格式固定下來該函式將資料打亂混合重新建立一個叫做雜湊值得
385,079618.wav,2,超雲與大約約始無之子房也說以為新君斯馬吉質詢優志工達海那名是成敗黃門侍郎後器官瑰香精與其俗童頭草操操以為行軍教授
386,079815.wav,4,陸達大吶喊只說是哪個政大官人卻是殺豬的正途也敢如此欺負人他又最適境以中說你們兩個心等著帶我去打死那傢伙
387,080136.wav,7,當下查國語車甲無命兩個老嬤嬤帶了帶與去見兩個母舅40假設之妻刑事們一起生效回到我帶了外甥女過去到也便宜假母笑道這是呢你也去吧不必過來了
388,080232.wav,3,大王代表太陽小王代表月亮其餘52張牌代表一年中的52個星期紅桃方塊梅花黑桃四種花色分別象徵著春夏秋冬四個季節每種花色有13張代表每個季節有13個星期
389,080275.wav,0,老公的肩頭兩個人妻外八鞋的笑著急著走去算是早早睡著了老公慢也走了任何有關上了門這時的乳症便完全裸待機靜裡區文安慰想變成明天確認在著急的你分波另有幾條狗也躲在暗的禮物屋角
390,080435.wav,1,只有吃了有什麼憑據呢此時那個人嘴裡打著湖南話在那裏王八瑤子的亂罵我細看他的行李出了一張之外還有一個大冒何都黏著將書籍補現正堂的封條板壁上掛著
391,080584.wav,1,復興這回總不能在含含混混得了因此又擱下的筆順手取過一疊新聞紙來這是上海寄來的上海指食指有兩種新聞植物種是申報一種是40戶報
392,080633.wav,0,倩兒又欠終於得先前比佛教員要錢的好官也很有給袁華為鎖心大會裡的饒強了沒有幾種日報上卻很芭樂先比伯績效他們的文字
393,080977.wav,3,台港澳代表台北暗殺星脫穎而出擊敗韓國與歐洲等強隊勇奪世界冠軍為了參與2013年亞洲室內舞運動會台灣組成中華電子競技代表隊奪下13面獎牌但是電子經紀人為受到政府重視
394,081652.wav,2,母曰無盡日肉顫心驚恐非急照著約將為國木起不癒有金報稅慈母而形菱形未凋殘曰吾為天子當例如為貴妃雕蟾以明知就裏甲做歡喜代謝
395,081722.wav,6,悟空微笑著說今日天晚了你先回去不要露了馬腳在明天老孫進程作為妖怪為你父王報仇雪恨
396,081894.wav,6,我建一個長嘴大和的和尚坐在林志玲只是不見昨天那麼臉和尚老要說想來是被風吹死了重要說別是他請救兵去了老要說什麼身邊我也不怕除了靈吉菩薩都不是我的對手
397,082490.wav,5,必勝品且其營養價值高在臨床研究中鳳梨蛋白質消化酶的提取物如鳳梨蛋白酶一成鳳梨酵素被證實是有效的抗腫瘤藥劑不緊
398,082676.wav,0,輕輕地問道小說你好些嗎你能就只是度2包好包好康大數撇了小聲一點仍然回過臉對眾人說下山也真是乖覺要是他不先購關連她攬人才
399,082699.wav,4,他壯起膽來使得鴛鴦拐將球踢還端王端王健死人手腳不凡聞名是姐夫派來的清水定要讓高球下場踢擊腳
400,083279.wav,6,和尚對好才點著貨物空吹了口氣便作狂鋒利時烈焰騰空金蛇狂舞大火蔓延開來把一座觀音院燒成一片火海和尚們就不下來荒地方鄉台櫃強桌端鍋叫苦連天
401,083280.wav,4,中途的親屬搶救了半天也沒把正途就活變到知府衙門告狀之谷尋斯魯達是老種經略相公的愛將不能隨便白卜他
402,084186.wav,7,病變的也其上個月中秋還跟著老太太太太們玩了半夜回家來好好的到了20號一日比一日教欖葉蘭塞吃東西這將近有半個多月了經期有兩個月沒來新聞接著說道別是洗吧
403,084340.wav,1,163心小說射手道紅口紅露日本郵便局買了有說票黏上膠帶寧白單身就走一直走到深山純果汁中學無人煙之的螢幕時之路始遊去了
404,084824.wav,2,劉備殺呂布事情成功劉備就是調一個幫手事情不成你不也會殺到劉備曹操遺計而行劉備按照密令與眾人商議對策張飛卻莽撞到的口風劉備之類將曹操的密性給呂布看了你不心裡很感動在
405,084961.wav,4,眼見證圖面皮漸漸產白只有出的氣沒有進的氣了魯達想不好法家只不過要教訓他一頓沒想到他不經打針打死了還要吃官司
406,085001.wav,5,持續溝通與風格的是好我想到那都蠻正心好那也會持續的溝通力量立委林昶佐證書內部也許有些溝通不足這個部分是不是所有在時代力量同政黨人裡面大家都要一起承擔的事情過去
407,085137.wav,2,學校大陸寫的書信教人員連夜趕往經週頌語刺史劉表要他在路上階級瞬間諸侯門四分五裂紛紛爸載你去討伐董卓的軍隊就這樣上去了劉備關羽張飛又回到的平原線
408,085460.wav,5,傳統相信念佛會帶來國際突破師大生命科學系研究發現環境中的農藥與重金屬的污染物累積在體內破壞中樞神經與回聲定位系統導致蝙蝠銀行無法正常在空中
409,085465.wav,1,天下事真是月初月底了老第一次回到南京來將所有越烈士都從他筆記起來將來還可以承益播出呢我問就是什麼是既知道像我時候你怎麼就有人來送你有一封信來再看一看卻是一位置台亞門裡的木福朋友送來的線上模及實在家要來拜訪
410,086069.wav,3,量穩定成長在2010年3月13日方舟臉書的造訪人次超越谷歌2010年11月臉書的市值來到411美元顯些超越1倍成為美國第三大網路公司僅次於谷歌和亞馬遜
411,086404.wav,1,大姊來進課這就叫做裝乾濕當下圖老而坐了一會又要走了桂花又約他明天來他到了明天果然又去了桂花留他住下他就
412,086484.wav,4,鴻興遊覽了各處宮殿最後來到幼狼的一所電與前只見電門上用胳膊粗的大鎖鎖著眼乾扁上寫著伏魔之殿四個金字
413,086747.wav,5,立多個帳號從104年開始在網路刊登販賣尿布的嬰兒用品文章或是訊息洋洲有管道購得相當便宜的嬰兒用品等被害人發現被騙實這一廠商無法出貨另外找新廠商等藉口拖延全台灣至少700人被騙已經有300多人提告高雄
414,087000.wav,6,大觀說亂了會放了它3個必了是非之門2怪說不行我費了多少心血是這計策才拿來長生不能怕了孫行者等我跟他佔3和他若不慎我行生還是我們口中之石
415,087129.wav,4,不服氣說不呈現前量不多去有何用若是我們怕了一個死竟如何抵擋冠軍入伍陽春苦勸不下城打點了白石明樓囉衝下山去殺噴石家莊
416,087195.wav,4,中途要讓火祭動手乳答說不許他們動手所以你自己來中途動手切了10斤斤肉剁成肉餡用荷葉包了
417,087288.wav,5,地政轄區內某商業大樓酒店有相當多名黑衣人聚集一是意圖資是警方立即調動線上快打部隊到場在大樓一樓就發現了十幾名可以黑衣男子正準備搭電梯上樓變一般查資料最後警方在進入酒店內零件有發現了一個包廂裡有約30
418,087858.wav,4,李中到桃花山下碰上山寨大王結路大王不是他的對手請他上山讓他做了在主這位大王就是方才被智勝打的人稱小霸王周通
419,087872.wav,5,學生疑似遭到JR列車撞到2車站調閱監視器後也發現確實有撞到人但工作人員在現場卻完全沒有發現這位男同學就念月台附近醫院都沒有查詢到男同學的蹤跡憑空消失的怪事連警方也傻眼
420,088362.wav,6,清風就上了事務用荊棘之塔下兩個明月用單盤接了回到前電信給唐伸縮五莊觀無物袋客行有圖產國賓2沒請老師傅傑可
421,088402.wav,2,陶潛質的影音初音願望超君如舖雙詠雪中均數起白棋兩面大樹報仇雪恨似字軍馬列成正式朝操縱馬出正生穿高樹羊鞭大嗎
422,088406.wav,4,那個什麼症關係政大官人住在哪裡老頭說老和信金行二女兒小子翠蓮政大官人就是狀元橋下賣肉的正途老和婦女就住在東門裡魯加剋店
423,088460.wav,2,寄一定王源變差騎都尉理署前往沒誤傳照輸給董桌裡訴說皇帝的病剛好要將皇位讓給太師董卓並沒有懷疑當天變通裡數回到京城長安養院等早已安排好了董卓車站到
424,088715.wav,4,圓管束吃了睡睡了吃拉屎撒尿也不找地方就在大殿後面方便是這稟報長老長老反而後識識者一通從此再也無人敢管自身的事
425,088889.wav,6,提升下有人叫菩薩救我試圖下的山徑山下壓著當年大鬧天宮的齊天大聖大聖說如來言而無信把我紅了呀在這裡五百年你從哪裡來菩薩說要到東埔早取經人難悟空跟曲金元當地圖的到時他只會救你
426,089245.wav,4,知府回到衙門再派人捉拿魯達魯達超跑沒影了他變出樂器古文書畫上魯達地上冒通緝殺人在逃的軍官魯達
427,089978.wav,4,老手聽得霧台三地生人忙將至申請入後膛命裝課安排酒飯致伸聞名此處是桃花村老漢是劉太公也爆出數名法號
428,090060.wav,0,4吋多長線是少子按的那和心理計算保額該有活命的但總免不了超級忍不住要問變質局處處的說先生我家的寶兒什麼訂呀他中
429,090202.wav,4,警察而出為2大王報酬來了自身體了殘障說你們休慌帶我出去一仗打翻一個你們只關綁了解去官府勤上說吧他光著膀子來寶春頭打賣場上
430,091101.wav,1,看了一回誰知他送課之後走到上房裡他那個五歲的小少爺手裡拿著一個有嗎團往他身上一樓把那轉新的衣服要上了量化油機不去動他倒也罷了他們不知哪個說是滑石
431,091204.wav,0,花東西來著作燈光下仔細看什麼東西斑斑駁駁的想吃懶骨頭上面還帶著一排零落不全的牙齒太精武到這許許下巴骨了河內下巴骨也便在他手裡所說的動彈起來而且效應的寫出效應終於心得他開口道就會用完了
432,092094.wav,0,學生總會上一個全文給政府說校園塔位不上課邊要付欠薪這雖然並無效地方選錯卻忽而繼起前回政府所說的上了課才給錢的話來差不多這一個影子在他眼前又一晃而且並不像面魚是他便在講堂上空表了
433,092148.wav,2,躍登機9月就被廢了只做了5個月的黃的何種著所立的這個陳留王劉協志薄荷是林帝的兒子也就是現的這個時候就有9歲改年號為出平董卓登上香果汁胃漲潮時可以帶箭穿鞋子不亂無比
434,092193.wav,1,初十萬兩銀子的賞格來說我可以這樣自己好好的姓名來引了另外這個什麼九死一生呢只因我出來應試的20年終回頭想來所遇見的只有三種東西的一種是蛇蟲鼠蟻的2種是豺狼虎豹的三種是吃嗎
435,092277.wav,4,跟王詩齡針灸起身去小姐來到書房間書案上一對羊脂玉雕成地政徵獅子玲瓏剔透的不釋手的吧玩一會兒
436,092354.wav,5,楠梓超人減後乘乘九和尚路不會讓員警要他靠邊受檢酒測10男子卻猛催油門地圖逃逸良名言警方常反應不及撞到機車衝撞不會認份有交男子掌下壓制並帶回訓為酒測結果酒測數值為0.09毫克
437,093217.wav,4,取出十兩銀子說還什麼還禮週末了好一陣拿出2兩多碎銀子來魯達說你也不是爽利人把碎銀子又推回去職法師無量給金老說拿上當談談你父女回電精去吧
438,093269.wav,2,均一實難見高低成功用為呂布出了一計較不養成中大富戶天是嘉義區向曹操投降謊稱呂布不太丞中警察超快來工程填志願意做個那英九天夜裡出跟曹操率儀隊人馬出入程序等知道中
439,093272.wav,4,誰料一陣風吹來又從山邊竹林中竄出一條花蛇來紅杏仁味香薷驚覺這次我玩了摔倒在一塊大石邊
440,093730.wav,6,王夏德跌入眼中殺生忙把糖身強出人從服上嗎被忽見路邊閃出一個女子說唐玉的哪裡走我和你耍弄風月去殺生論保障就打那女子弄一陣順風把唐僧
441,094219.wav,5,就不表示106年研發及產業訓儲替代役啟動局11月出公告有台積電等877家用人單位合格需求員額7576元預估將有5001難或用人單位錄取其中研發替代役4500人產業訓儲替代役
442,094566.wav,5,小琉球附近海域偵破東港籍漁船走私80公斤的K他命深入追查發現毒品集團成員為了彌補走私K他命遭查獲得省思另外再安排走私更多的毒品一月17號專案人員跟中到屏東縣長治鄉先後逮捕魚姓男子漢陳姓男子順利尋現場
443,094573.wav,4,踏著她的胸脯晃著處般般大的拳頭嗎到哪家歷了無數均工也不往症關係的稱號你適合賣肉的屠戶口一般的賤人也敢稱正關係說你是如何騙了金翠蓮的
444,094848.wav,0,交屋的期限制在本年所以必須趕在正月初一以前永別了熟識的老屋而且遠離了熟識的故鄉搬家到我在某時得意地區
445,095088.wav,4,待到五更天遺民詩王靖幼教過李牌給你些營養你買些豬頭三聲道與廟和張牌煮熟等我李白眼裡面去了
446,095138.wav,1,杜甫不死李白富升的氣概也有些人常常在報上看見了他的詩自然記得他的名字後來偶然遇見通起姓名來人自然說句久仰的話越發冠琦
447,095221.wav,6,靠*金門巷真武帝君解照標期往南天門上一盞把日月星辰週了只說裝了天一柱大聖城公寓的准奏哪吒就到北天門借來招標期
448,095573.wav,3,桌球的混合運動那是妥當不過他是有兩個人發明的匹克球的名稱來自發明人之一的一條狗在開始發明是打的時候那條名為匹克的狗常常掉地球跑
449,095603.wav,2,大事變獨自帶領本部人馬追趕董卓董座女婿李如在新陽城外埋伏兵馬大敗曹軍曹操差一點上的命10000多人嗎只剩下五百多人無力再戰值得收拾殘兵王楊州去了
450,095702.wav,0,野地現值及地說道你看看這是什麼呢華大麻跟著他指頭看去眼光便當的前面的粉色分上草根還沒有權和露出一塊會的黃土煞是難看在網上仔細看時卻不覺也是一驚聲明有一圈紅白的花為真那邊緣的粉底
451,096045.wav,1,他不說是他兄弟的事嗎還說只有萬把銀子呢既知道可不是嗎這種事直不知要紅哪個他還說這件事肯拿出18000來周璇我當時就想博雷西後來想犯不著所以燉著了口我到
452,096659.wav,2,曹操遺計攻下松川普南等地享樂條現任許處分為都為曹操又收付的演奏譜楊呂布走投無路前來徐州投靠劉備劉備為人寬厚儘管關羽張飛堅決反對還是把小配讓給呂布贊助
453,096759.wav,6,土膏太公的家經營造高才太空有個老女兒3年前被一個妖精抓了太空讓他請法師做要連起來幾個都不是要敬的對手太空埋怨他不會辦事讓他再去請誰知被悟空抓住不由得動器
454,097059.wav,5,沒帶手機球員按鍵可量停用緊急電話對用路人的行車影響不大為節省公帑今年一月底前將把行京都會區的國二國41集國巴緊急電話全數拆除交通管理處處長著名軍說
455,097405.wav,3,在討伐克羅諾斯時塗眼巨人送給宙斯閃電話給波賽頓三叉戟給黑帝斯隱形頭盔死後波賽頓經常手持三叉戟成了他的標誌
456,097482.wav,2,例如變把太后人下了樓直接摔死了太后這樣一來動作跟人家教和八戶到處燒殺搶掠無惡不作雖然業績效為五福是突刺殺董卓但事情敗露被董卓儲值
457,097496.wav,4,六大郎就給高球寫了一封書信讓他投奔東京精良橋下開聲樂部的董降世
458,097518.wav,0,是笑著旁觀的但自從發一小說了楊門裡的大老爺沒有告示這話以後卻有些生氣了這時他已經到出桌旁接著說很棒打人算什麼呢大兵是就要到的你可知道這回報價的是張大帥張大
459,098399.wav,4,下來又給翠蓮做個沒嫁給趙員外做小妾養在外宅一食豐足趙員外也愛死槍棒他常說人有機會與恩公見上一面
460,098734.wav,1,大根菸槍是我的今日害我吞了半天的煙炮呢又有一個說到那一雙心血是我的一下時都認得去細看什麼手用的一支煙筒也在裡面也不曾流星不知幾時偷去了此時那人卻是目瞪口呆一言不發
461,098847.wav,6,是老猴說大王是先聖凡間冰器不順手我們這鐵板橋下直通東海龍宮大王和不到龍工具借一間兵器簿空大喜來到橋頭時一個比水法跳入水中來到海底
462,099036.wav,0,所以有時候仍不免吶喊幾聲了以為戒那在寂寞裡冰室的門市是他不但於前須知我的海參是有夢過是悲哀是可證或是可笑那倒是不暇顧及的
463,099498.wav,4,二人白酒為子孫建形容餅爆山下有客商經過李宗說待我們下山結來財物送給大哥當盤纏便和洲通點起人嗎下山去了
464,099738.wav,4,金老說電阻看著我婦女如何能走了魯達說明天我自從你看誰敢擋金老街了銀子千恩萬謝的去了
465,099913.wav,4,十進位你們為何過半夜三更來接我裝上都頭說大榮別衰落於是立即將你夠了時間問題給你為何無CO2密集所以我時而往事的書信還會有假
466,101111.wav,1,新建裡這位老太太是我從小見過的當下見過你之後那老太太到幾年不看見你也長得這麼高大了你今年幾歲呀我到16歲了
467,101377.wav,7,人才算出只有師後端菜的幾個人半日壓卻不完之後忽見2個人拍了一張抗桌來放在這邊抗上桌上網盤深獵人是滿滿的魚肉在那不過略動的幾樣反而易見了變潮的藥
468,101622.wav,5,兄弟出發就是自行車團有來自日本韓國歐美等地自行車好手前來共襄盛舉不理事長表示台灣人的熱情李玉是吸引外國朋友前來造訪的原因之一
469,101908.wav,3,國海軍上將孤拔統帥遠東艦隊擊敗清朝福建水師南洋水師2艦隊取得台灣海峽製海權並先後佔領台灣基隆和澎湖兩處戰爭過程中發軍的路還兩軍雖已
470,102187.wav,5,即使有負面後果一然持續擴增加打電玩的時間而其相關行為要持續至少12個月才能確診若症狀嚴重確診前的觀察期可縮短
471,102254.wav,5,相關負責人表示雄安新區生態環境局主要負責建立健全生態環境基本製度重大環境問題的統籌協調和監督管理組織督促新區污染減排目標的落實重元
472,102371.wav,3,直進行到一發現從原潔墊可達的所有節點為止如果還曾在未被發現的節電折選擇其中一個作為元節點並重覆以上過程整個進程反覆進行直到所有節點都被訪問為只屬於盲目搜索
473,102670.wav,6,國王說明天我的太子要出城打練師附設法與他相見了把我的話告訴他他就會相信唐生說他每天都要叫那
474,102728.wav,7,嬰兒方端了茶來遞了過去說道沒有什麼事就是那三百零之地的螢忘了吸附送進來我收了再有瑞大原始人來打聽奶奶在家沒有他要來請安說話鳳姐兒聽了哼了一聲說道這畜生活
475,102816.wav,3,陳之漢台灣部落客網路名人退伍志願役士官企業家運動員健身教練散打比賽
476,102925.wav,7,話說周瑞家的送了劉姥姥去後店上來回王夫人畫誰之王夫人不在上訪問呀還能十方之網薛姨媽那邊閒話去了周瑞家的聽說電轉東找門出至東院往梨香院
477,103666.wav,3,首次舉辦的國際性綜合運動會以及成功申辦2009年第21屆台北聽障奧林匹克運動會使賽事為第一次移師至亞洲舉行2010年的跆拳道因為黑襪事件備受台灣輿論關注
478,103806.wav,7,這位連爺身上線圈的是個通知也是不肯讀書局勢路上好幾遍言談去的所以如今只在奶酥正老爺家助者幫忙料理些加物隨之子取得
479,104009.wav,0,一種種得180塊錢才夠開銷發了嗎一定不對著他看著說我明天不做關了前的支票是令來的了可是鎖星大會的代表不發放先說是沒有同
480,104023.wav,7,令郎如是之直想老太夫人夫人被自然中愛奇藝彈無背後生聖不一中壢中壢則為免慌失學也喜小王城到此策想令郎亦未必不如是也若令郎在家
481,104254.wav,7,尚順螺儀出了西角們往東過容府正門店rui黑油大門中至一門前放下來從小失退出方達起車簾邢夫人穿了黛玉的手進入院中
482,104630.wav,5,財經網報導據市場研調公司透露2017年全球收入最高的25 +遊戲發行商總收入達到
483,104905.wav,7,林可辛苦這一個月過後再接著不要把老臉丟了那是個有名的爉或臉酸鋅硬的石老了不認人的走人都到有禮又有一個小到潤裡我們裡面也需給他來整治政治都他不像樣了這說
484,106218.wav,3,世界人口的三分之一將難與廣東等地的思之夜雨眠之夜都很發達景德鎮的瓷器都打到歷史高峰語此同時銀好一開始在3C出現中國的國庫庫存1從雍正十四
485,107356.wav,0,都沒有什麼大區別辨識學生團體新辦的許多事業不是也已經難免出必定做大半煙消火滅了嗎差不多的但中國將來之可慮就在此
486,107705.wav,1,燕子你為同他打算著他光景知道我同凡台還說的話來所以中雷希特定來拜會我無非是要求我對凡台去帶他求情既知道你想我肯同他辦這些事嗎
487,108252.wav,4,長老又讓自身穿上法醫生協會他摩頂授解說一要皈依佛
488,108561.wav,5,將進行相關純立法委員柯志恩16號上午在立法院質詢科技部長楊弘敦楊泮池是否應詢當年教育部長蔣偉寧栗子會掛名論文下台以示負責人表示每間學術造假案的狀況都不同必須視個案決定
489,109111.wav,7,甲珍哭得累人一般正和假帶如等說到合家大小眼鏡清有誰不知我這媳婦比兒子還強勢
490,109234.wav,2,人生時常識霸凌的當魁儡玩弄於手心靈的敬稱為首的蟑螂為阿富汗官弄權天將一摘一郎蔡永晝之靈的卻被換關心害變回鄉裡從此天下大亂鬥賊蜂起
491,109270.wav,3,蘭陽溪花蓮市南西等平均年降雨量2150毫米約為世界平均降雨量之2.6倍降雨量分佈不均約80%降雨及終於5月至十月豐水期每人分配平均
492,109295.wav,1,一定說的上去寄知道這個杯子一定不敢去碰這個釘子潤敏噴他是上司問交情他是同心君相好又是負值萬一他擺出老長輩的面目來教訓幾句那就無謂的狠了
493,109480.wav,7,魚部位感堂讀經濟及池魚雖不才意力二次去還是得些許明說正當大比胸一做出入都成為一戰方伯父兄之所學也棋盤鯡魚是第四代為處置一步往胸脂641
494,109593.wav,3,國際足總價2018年與2022年世界盃申辦程序以便進行2018年世界盃地政士申辦國家包括英格蘭俄羅斯
495,110665.wav,5,這個月的治安的數據也顯示後一直持續維持在打六都最好在其中尤其是在查緝毒品上面更得到警政署的肯定跟表揚局毒品查緝中心揭牌後縣長濱鄉市場街來賓感謝祭
496,110714.wav,7,暗榮府中1在任何算起來人口雖不多從上至下也有三四百丁是雖不多一天也有12時間靜茹亂碼一般並無個頭緒可坐缸裡正尋思從哪一件事
497,111333.wav,1,2元也是1元他叫別人畫指南2三角羊錢出去這不是上一有力災嗎這是施加的話還有那畫家的事呢有兩個知識不通的人他去繪畫並且畫得還好
498,111719.wav,5,本生論文哪個營業規模很大對市場的那個影響非常非常大紅要怎麼違法的一個詞之間也算場所以我們就劃的比較重發熱纖維造成店家需支付較高的租金或選擇退出騎
499,111860.wav,2,收折傷人以言得約前者非不息彥州整姊姊郡氏和金比重兒童我豈有他心張非約哥哥經常退好雖然如此也要準備
500,112006.wav,2,劉燕劍三人威風凜凜非常高興再與劉備論備份是劉備的遠房書數對數值相稱在黃巾軍的戰鬥中3人不僅憑著高盛的午夜而且朝始計某連打勝仗劉備聽說如
501,112017.wav,0,都的出發第二個指頭在帳子裡的空中畫了一個半圓方太太跟著指頭也看了一個半圓之間這首變去翻開了嘗試集
502,112302.wav,6,老君勞軍用扇子扇收樂圈子又以上那塊陷的原型老君就把圈子一衰變成各GL穿的牛皮紙極冷回離恨天大聖同種神將打進洞去發小妖拳打死各舉兵器中神將回天羅漢為幾天
503,112636.wav,5,舞台怎麼設計要看演員怎麼演他有兩年到3年的體驗然後進後面再接著這個藝術大學的影劇的相關科係然後出來他有食物又有理論這個對他的幫助就很大不會說從一開始就一直升學考成績到哪裡我就選到哪一個科係然後讀書
504,112979.wav,6,這天正行間前面移到大水攔住去路不見一隻船塢空跳在空中手搭涼棚放眼看去那水好好渺渺
505,113124.wav,4,青禪師你可拿我這風輸錢去投他討個指示燈做我射來入定得四句偈言你可記住公你終身受用與林兒子與山而富裕水而心欲將兒子
506,113229.wav,2,就在門外大聲叫喊請大將軍上車這時和進的人頭被從牆裡了了出來袁紹曹操大怒還有五折保健高校者沙鹿地公內空間換關不論大小全部殺死一死皇宮內火光沖天
507,113231.wav,5,外籍旅客在中國旅遊或工作時事長袖限於被審查的網路而無法正常連線到臉書谷歌LINE只能透過購買商業虛擬私人
508,113687.wav,5,AI應用產品所帶的軟硬體系統與零組件都會是龐大的商機所在台灣累積長久以來的ict製造與研發能量未來只要能夠搭配AI應用的趨勢也就是所謂的AI家人有相當多的發展機
509,114120.wav,0,台語那是狼的清雋朗是狗的本家前天趙家的狗看我吃也可見他也同盟早已接洽老頭子眼看著碧璽能瞞得我過
510,114146.wav,2,我要寄天產除持力誰說玩狙擊手中的簡章朝著動著咱去董卓大怒讓我是立刻拿下來這位大城市上輸精管董卓密令將她拉出去斬了聽管罵不絕口至10點設不變
511,114255.wav,7,劉姥姥陪笑道我找太太的培坊豬大爺的煩惱為太爺替我請他老出來那些人聽了都不揪採半日方說道你遠遠的在那牆角下等著一會子他們家有人救出
512,114930.wav,4,六七百勝人國語方帳至尊長老親如兄弟我主上野成舍前說過4月我曾許下剃度一生的心願度牒以買好了但工作肯去時就到五台山落髮維生
513,114967.wav,2,王韻情侶不到府中吃飯讓貂蟬作陪境酒雕展示天下燒友的美女呂布一見她便被迷住了王與便提出這樣貂蟬送與不為妻女不十分高興再三拜謝王允
514,115032.wav,7,哪些生肖到大奶奶這個症候可是那幾位耽擱了要在初次行經的時候就用要自起來不但斷無今日之患而且此時已
515,115146.wav,6,抱頭鼠竄老麼冷笑著從著手腕上退下一個白生生的圈子來旺統一超把滿天棒收成一條套去了不空沒了棒翻筋斗好了
516,115845.wav,1,叫了一聲用賊我一骨碌爬進來看時兩間手螺長山沒了一箱面上擺的一個小鬧鐘也不見了一箱的鎖也幾乎敲開了
517,116940.wav,7,必有補天騎士之財力物紀人之得如蒙發1點10心攜帶的值得入紅塵在那附會場中溫柔鄉裡受降幾年自當永沛宏恩萬劫不忘也
518,117434.wav,0,讀書人的事能算偷嗎接連便是難懂的話什麼君子固窮什麼者乎之類引得眾人都哄笑起來店內外充滿了快活的空氣
519,120208.wav,7,接了一頁次日一早便進城來料理出殯之是一面又派人先往鐵嵌式連頁另外收400之處並儲查等相接靈人口
520,120573.wav,1,贈品尼扭著他他只說明日送來等一會送來就說那堂上的人不順眼睛你帶也可是欠人家錢的嗎那堂上說我只要你一個錢開水錢不管你什麼帶
521,120736.wav,0,狗餅乾他也造力的幫人撐著行船每日一回早晨重乳症禁城放完又回到乳症因此很知道些什是例如什麼地方雷公劈死了5公斤什麼的
522,120833.wav,3,因為自己一些時候難以理解表面上不合邏輯的事情容易被人誤導邏輯但事實上那些事情是符合邏輯的事情所以不能用過份使用邏輯思考要一邏輯加以感覺去思考
523,121001.wav,5,娃娃兵7 cm等等這類風險物質表示想要但如果使用鋼刷可能會留下刮痕如此一來教貪污垢會更容易卡的上面另外一種選擇3點下手減少時間板料理的頻率改制
524,121236.wav,5,是的這一個頸椎錯的問題那一開始的話往往就是會產生把它本身不管身體的嗎無力門診20到65歲椎間盤突出的病患中學99成語過度使用3C產品有關年輕族群的金色盤突出多屬於脊椎病變一開始讀認為是要追問題現在人
525,122039.wav,5,新通過的廣東汕頭的外派中國大陸以航行當面的海軍空軍並沒有異常的狀況我們國軍會持續全程的艱深海為應處也請國內各方新增空間
526,122097.wav,0,那可言過是一種誤解嗎了他自己說他是自從出事以來只有人向他來要在他從沒有向人去討過站所以這一段是非其所長
527,122481.wav,6,現殺生尋來把鍋爸讓殺生用1斤都了搖了一般水二人回到路上建堂深昏迷不醒來嗎還在卻不見了行李吧解就要賣了嗎買口
528,123536.wav,1,你到奇怪不奇怪我聽了此話也不覺得該了半天沒有話說的只有道不是我說句以蘇見卿的話並不這種行徑不定是有意迴避你的了此時我也無不言可答只坐在哪裡出生
529,124197.wav,2,金賓1500魚卵前來支援珠菌株菌就讓孫堅打南門劉備打北門自己打西門留下東門孫堅率先登成殺的20餘人又重乘上飛身撲向趙洪肇宏殺死
530,124485.wav,3,瑞士地震規模式地震大小的一種度量根據地震釋放能量多少來劃分目前國際上一般採用美國地震學家馬斯佛朗西斯瑞克特在1935年提出的規模劃分法
531,124646.wav,0,飛跑的去看他正在廚房裡紫色的圓臉頭戴一頂小站帽緊上到一個明晃晃的影像圈這可見他的父親十分愛他怕他死去所以
532,124883.wav,2,安裝回在中官階戰曹操暗使人機牛酒撫慰三人卻說華熊手下敗將報上官來比數慌忙寫道及文書生文董卓著極具比如與不等傷1
533,125443.wav,2,天下所有人都非常高興於是親子針灸給曹操和曹操到腳立下誓言風雲變起下七星寶刀解了曹操曹操長好刀把酒喝完便起身和大家離別大家又坐了一會兒聊完了才散去
534,126151.wav,1,這一天我又去打聽了失望回來在路上一面走一面盤算這檔事過幾天還不回來我這裡沒說回家的胖傳沒有就是客棧的防範錢也還不曉得在哪裡呢
535,126267.wav,7,如今現有一段風流公案正開了結這一班風流冤家上位投胎入式稱此機會就將尺寸物夾帶魚中死他去經歷經歷
536,126326.wav,5,過來就一陣風那就倒下去了就馬上就跟他為民眾就趕快跟他強調其實派出所所長劉國華表示最為老公從台中市沙鹿區騎機車要到台中榮總醫院就一直插10公尺就到醫院卻被冬季海風吹倒警員
537,127212.wav,7,後來不知過了幾4幾節應有個空空道人坊到球先從這大荒山五奇犽青埂峰下經過忽見一大會時尚子幾分明邊樹立
538,127241.wav,0,我那時並不知道這所謂茶的是什麼一件東西便是現在也沒有知道只是無端的覺得狀如小狗
539,127405.wav,5,解決方案科技部非常樂於見到新思科技積極協助台灣AI的發展與國研院晶片中心共同推動頂尖大學重視AI系統晶片與關鍵技術的開發帶動態
540,127519.wav,3,陽明山原名草山泛指大屯山七星山紗帽山小觀音山這一代
541,127804.wav,1,情節還不知那裡的事情就是那掌櫃子家也還在哪裡做夢不知是哪一個騙他的呢我驚到那麼說大哥是知道那個片子得了為什麼不去告訴了他等他或者控告或者自己去追究其不是件好事
542,127914.wav,1,正在哪裡納曼胡定一個人提著我的名字叫我我不覺得那和道我知道此地並不承認得一個人這是哪一個呢抬頭看時卻是一個十分面熟的人只想不出他的性命不覺該了一台難道你怎麼跑自己
543,127922.wav,2,黃金與長照紅韓中孫中率中書按讚去完成會張角報酬朝廷命諸郡討伐諸具命劉關張工程系
544,128856.wav,6,他的鬼魂東躲西藏跑得快的就報到森羅殿十殿閻君慧奇點啟英斌想著真悟空請假悟空二人打到面前十殿閻君也認不出真假換判觀察生死簿也差不出名堂就暴之地藏王菩薩
545,128914.wav,2,解說員少屯冰河內缺少糧草劑週目含附件人送量已知君用模式縫劑書少約大丈夫縱橫天下何帶人送量為10週奶前兩廣聖之地
546,129322.wav,7,這裡島雨又說不必太熱了我只愛吃冷的薛姨媽忙到這可使不得吃了冷酒寫字手打折寶釵笑道老兄弟虧你每日加雜學旁收的難道就不知道久性最熱
547,129809.wav,2,好久才問劉憲為是什麼出生劉備說我是中山靖王的後代是卓俊參加教出黃金大小30餘佔有些戰功才得到這個職務
548,130094.wav,7,拓人鬧地方都才去了別的一家子也們都被連2書並強兄弟讓過去聽C去了方才南安郡王東平郡王心凌郡王北靜郡王寺家王爺病症國公牛服等6家中靜和食府的
549,130260.wav,2,又派人秋呂布女兒為何吸一次連結呂布出調劉備全等的父親陳貴帶病拜見旅不點破了元素借刀殺人之際旅部恍然大悟忙令人追回已上路的女兒
550,130431.wav,1,只見他店中一個個的夥計你來念我我埋怨你那掌櫃的飛是陪我坐著卻也是無精打采的我看見這種情形起身要走長跪到地上沒事
551,130550.wav,0,輸了銀行已經關了門沒等出發清領一踩踩的問心領著一層已經取消了聽說人就有會計科分送可是銀行今天已經關了門休息3天沒等到出發的上午
552,131643.wav,0,不知哪裡去了他們都在社會的冷笑2嗎迫害情線裡過了一生現在他們的墳墓也早在忘卻裡漸漸平他下去了我不看紀念這些事
553,131950.wav,1,偏偏這天家人們都說小姐並不曾出大門住在屋裡查查起來誰知他公館的房子是緊靠在成腳底下曬台又緊貼著成頭那小姐是在賽台上達的跳板走過程頭上去的
554,132223.wav,0,這也就是我唯一的願望夏夜蚊子多了點搖著蒲扇坐在槐樹下從畢業縫裡看哪一點一點的青天晚出的懷嬋幼妹妹冰冷的落在頭頂上
555,132710.wav,7,當下與春見了是隱瞞失理賠笑道老先生與們祝望感是街市上有神新聞否是影笑到飛也是因
556,132776.wav,1,團扇哪來的會拿了出來計師的給我看我結果看十一面還沒有寫字裡面畫的幾根石墨水的阻止毒素
557,133214.wav,3,台灣英歐亞板塊與菲律賓海板塊的互相擠壓而造成造山運動發達導致台灣3的
558,134908.wav,6,垂淚訴說了紅而無禮這不是藉給他單子幾乎被他害了性命甲牛魔王故作萬喜說整顆把單子借給那胡孫羅剎女說帶王放心給他的是假的真的我收著了就讓丫鬟白酒胃袋王接風
559,134960.wav,0,夾著跳舞他坐下了他們送上完課來臉上都顯出小覷她的神色回去吧他遲疑了片時這才悲慘的說他們胡亂的包的書包夾著
560,135128.wav,0,好貴外站著熱熱的喝了休息一堂很多花英文便可買一點鹽竹筍或者茴香豆坐下酒誤了如果出道時給文那就能買一樣葷菜但這些顧客多是短衣幫大底沒有這樣過錯
561,135294.wav,7,把我那要強的心一分也沒有了公婆跟前衛得孝順一天就是神娘這樣疼我我就有十分孝順的心如今也不能夠了我自強者為必要的過年去哪
562,136330.wav,6,上山尋找怪物搭配師父取3人走了六七十裏也沒找薦的隱而不空教召變成三頭六臂13條鐵棒到處亂打不一11火重生趕來貴的一片說大乘
563,136803.wav,2,然而有一個人卻大小島大家晚上哭到早上又從早上哭到晚上然後能哭死董卓王允看你還是銷績效為曹操鴻運大陸到
564,137982.wav,5,期待能有更好更快速到各鄉鎮風景區從轉印結果從公路系統到明年的轉運站
565,138118.wav,1,可至尊堂伯母在哪裡看望了我說這個我也知道因為要想見了家博去了錢莊上得利錢一起寄去不料等到今日仍就等不著劑之低頭想了一想到你只管裡面寫實
566,138170.wav,6,更小要又時常來討長利錢沒錢給他就要拆廟宇播一賞角得眾神不安請大順角除此要救救我們不空就問這妖精是什麼來歷中神說說起來他還
567,138738.wav,5,希望能夠給警察最好的一個後盾轉形蟲是詐騙毒品犯罪甚至淋雨發生街頭鬥毆嚴重影響之恩非常感謝有地檢署的支持要進檢警合作更能提升執法成效
568,138762.wav,3,台灣別稱福爾摩沙是位於亞洲東部太平洋西北側的島嶼地圖琉球群島與菲律賓群島之間失格台灣海峽與中國大陸相望周圍從3點鐘方向以順時針排序分別為
569,138806.wav,1,南京城裡算是數一數二的大電加記之與他相熟的我也曾跟著劑知道過他家兩三次店裡的人也相熟了當時走到他家便請他掌櫃的骨架骨折三百兩銀子不貴
570,139138.wav,7,老人家又嘴饞了吃了有大半個五今天的時候就一連起來了兩次今日造成日覺得身子卷諧音叫我回大爺今日斷不能來了說有好吃的要幾樣還要很爛的
571,140281.wav,5,12月16號上午9點35分拿釘子在裡面有加護病房醫院全體育護人員追思禮拜定在2月25號下午2點地點在台南市天橋教會王本名王俊睿1953年12月6號出生成英文
572,140679.wav,7,忙去傳與那人身不由己意拖出去哎了20大阪還要進來叩謝鳳姐到明日再有誤的打字時候日的60又不怕打地址管物說著吩咐散了吧穿外眾人聽說方格
573,140895.wav,1,人等了好久只等得一個泥牛入海永無消息只得寫信到上海去通知過了幾天上海又派了一個人來又帶了多少使費並且帶著了一封信
574,141216.wav,6,天網格家收拾了點燃香燭請長生念經堂生技所焚香操作木魚念了幾卷金箔清燒了之前個子安起當業全家人做同樣的夢
575,141515.wav,5,兩次酒駕解數7000件以上有鑑於花蓮不僅酒駕案件幾個不下再犯率偏高因此簡單位跟衛生單位聯手宣導鼓勵飲酒成癮帶著這樣子申請公費結儲值
576,141595.wav,2,胃壁虎從經絡流只恐又不變為1假信許多為上策為朝廷多月薪還金絲眼鏡仰望
577,141606.wav,3,當場上的勇猛威武與英雄形象結構弘緯精密全書人物眾多頭緒紛繁清潔複雜為作者能以數和為中心抓緊魏蜀吳三國間的衝突矛盾寫來精精油調脈絡清
578,141975.wav,7,子龍府大門10次之前直見處處的覺嗎有老撈便不敢過去前膽的膽衣服又交了反而幾句話然後振道繳門前直見幾個挺胸疊度指手畫腳的人坐在大燈上說東寒溪呢
579,142038.wav,0,DMI餛飩大了也賣餛飩賣許多許多錢我都給你那時候真是聯訪出的棉紗也彷彿寸寸都有意思存寸都活著
580,142106.wav,7,這一代與孝道要來時一群都來要不然一個也不來金額他來了明天我再來如此間錯開了來這幾乎天天有人來了也不至於太冷落也不至於太熱鬧了姐姐如何反不解這意思
581,142892.wav,0,輪到我自己有了四千年吃人履歷的我當初雖然不知道現在明白難見真的人沒有吃過人的孩子或者還有救救孩子1918年4月
582,142957.wav,1,打去要他30000英制他收到東西雖好哪裡直到這個價錢頂多不過一個折半價吧了閣下你想參觀者辦不是有了15000了嗎我們看見他這等說以為可以有點忘頭了
583,143003.wav,7,陳湘琳你幾歲投生到這裡又問你父母親在何處今年是幾歲了本書是哪裡人相鄰聽聞都搖頭說不記得了周瑞家的合金餐廳了倒反為他歎息雙桿一回
584,143607.wav,0,加油會計科送來的可是不送來又怎麼好呢喔昨夜忘記說了孩子們說那學費學校裡已經吹過好幾次了說是倘若再不繳如說坐牢
585,143821.wav,0,怎麼好那隻有去整和少先了擔保而也許是日清夜就到了明天太陽一出了也會退氣喘也會平的這實在是病人常有的事
586,144418.wav,6,不生不滅只有到先生古董拜師學藝水來長生不老的法術顏王就再也管不到我們了撞後一口同聲地說太好了明天我們多尋些國品大擺筵席歡送大王求仙
587,144445.wav,5,樂可錠跑步法律事務司司長鍾瑞蘭表示這是今年股票案件中最高金額但是四千多萬嗎可是騎到11月25號為止我們又又多了五千多萬所以今年期是九千多萬最多的機關應該是國防部的舞間松山的飛彈的那個三千
588,145065.wav,5,國研院儀科中心與三軍總醫院共建亞太區醫用3D列印服務平台讓國內聚高度創意的意思有一個可以發揮創意的舞台
589,145069.wav,3,經歷了辛苦了一年NBA宣佈2017到18賽季NBA最佳陣容騎士隊的Lebron獲得全票100
590,145311.wav,1,政府老人做的一年多到海安粉一天不知青了什麼人說起打野機的好處我聽了又不明白到什麼打野雞可是打哪留倉嗎既知道去漂流昌就叫打野雞
591,145472.wav,5,點將不採計學生國中會考成績只看學生的志願序及多元表現但覺得不能鼓勵學生參與會靠因為也會提供資源給淑所高中職主要對應的國中維持水力品質教育部次長林騰蛟說
592,146304.wav,7,你頭敲敲的字型方便去了只是了兩個小丫頭自慰的淘寶玉的歡喜心和薛姨媽青空萬轟地自容他吃了幾杯就忙收過了住了酸筍雞皮湯包與痛喝了兩碗
593,146765.wav,0,當了變改為差不多一直使用到現在他自從發現了這一句平凡的警句以後結藍引起了不少新港菜同時卻也到許多心為安
594,147079.wav,6,不幾天就到了南贍部洲美猴王上的按鍵海灘上有人曬鹽埔往娃格就奔過去吃牙咧嘴的扮個鬼臉把眾人嚇得四散而逃有個逃不動的被他抓著薄的衣賞穿在身上搖
595,147246.wav,4,這天少華山的三個頭領意是諸佛說華因現出3000觀賞錢捉拿我們我們要多備些量
596,147806.wav,0,月相是我的勇氣跨出門走不多遠點低聲對大哥說道趕緊吃吧打嗝點點頭原來也有你這一間大發現
597,147827.wav,1,父親沒了又沒有見著面說這一句半句話而知道他靠得住不呢好歹我來監督著他以後他在問你你比要叫他同我商量說著去了
598,148119.wav,0,高興的說愛亞老太太真是這成什麼規矩那時是孩子不懂是閏土說著又叫水身上來打鼓膜那孩子去害羞緊緊的紙貼在他背後
599,148248.wav,1,他說到蘇州拆式甚少不如將您那邊多老兄不如到將您那邊去參數分明是一樣的兄弟這裡只管劉興哲有什差是出了再來關照吧
600,148565.wav,2,卓越火耐力賊系吳愛奇是必殺之如約恩相差1西楚莊王絕音知會不就係艾奇資講胸後為秦兵所困得其死力香蕉
601,149113.wav,0,呆呆坐著聽的打門聲音才吃了一下跑出去開門門外一個不認識的人背了一件東西後面站著往久嗎他們背的棺材來了
602,149581.wav,2,劉備明知是曹操的奸計但有皇帝的壽命只好騎兵流下張飛手徐州張飛最久的朝暴潮爆汗頭張飛便宜旅不多下的徐州元素地之旅不多的徐州便宜旅部連何攻打劉備劉備退
603,150666.wav,1,鳳城石虎建一個漢子13藍縷氣宇軒昂站在那裡手中拿著一本車子車子上插著一支標為了多少人在旁邊觀看那漢子雖是當然啦
604,151093.wav,0,我們便可以走了聽說是的還有潤土他沒到我家來10種問題你很想見你一回面我已經將你到家的大約日期通知他他也許就要來了
605,151126.wav,6,只有佛法無邊地藏王就說你們去西天雷音寺早如來分辨去兩個悟空又鬧出的府兩個悟空氣在空中邊走邊豆直鬧到西天靈山雷音寺前夫來正在說法卻離島
606,151284.wav,3,台灣的附屬離島包括火山島台灣周圍裡島大部分屬於火山島其中澎湖群島的岩石構成較為特殊為玄武岩慈音南海成短期海底擴張所造成
607,151544.wav,5,舉行公聽會再審查的提案會議才得以進行巡達然而原本在牆外抗議的護家盟團體重慶南路側門高舉標語在下午2點30分衝進立法院告函要求先公廳再審查並要求見體驗的委員尤美女
608,151557.wav,1,可風的嗎並且他方才券借我一番話就是自家父兄也不過如此真是令人可感一面想這又談了好些處事的話他就有事出門去了
609,151760.wav,0,他又要看長是吃了方太太怕失了機會連忙吞吞吐吐地說我想過了節到了出發我們倒不如去買一張彩票胡說會說這樣無教育的
610,152076.wav,6,木材與善財童子迎接而引他來見觀音物空突出的長生不知好歹這樣他再次改走請菩薩給他退了頭上哭了重回花果山稱王菩薩
611,152661.wav,1,計時我急著要回去怎奈伯父說在上海有事今天有人請吃久明天有人請看戲年運勢
612,152990.wav,1,再送到關上去當下高僧傳了這話進來我想說公司已經拆開了怎麼好還他應較高生出去交代說這裡已經專人把信送到關上去了不會誤事的收條人就拿了去吧
613,154202.wav,6,四人又行不遠路況有一女官說原來的客人不可進程請到官一登記代下關注民國往燕官方形身上下了嗎見那亞門匾額上寫的營養13子
614,154304.wav,0,這是斜對門的養兒少台度變得我記得了我還是時候在斜對面的豆腐店裡卻忽中日作者一個羊惡少人都叫伊豆腐西施但是他這白粉
615,154319.wav,3,國務院總理周恩來中共中央時候要求將擺放在天安門廣場的花圈全部送至八寶山並使用武力進行清償反極右青方案瘋運動由此引發六四事件又稱第二次槍
616,155183.wav,1,當中一句問我到你父親今年45歲自然應該坐享壽45歲為什麼你卻寫作春秋45歲呢我說到45歲只怕不便血坐享受有人要
617,155327.wav,0,出口外其他證住了臉上現出歡喜和淒涼的神情動著嘴唇卻沒有作聲他的態度終於恭敬起來了分明地覺到老爺
618,155848.wav,1,真是的哪裡做的他找你曉得他到哪裡去了他帶了銀子一直進金平台的就君上一個大花樣的到元加上一個2坪頂蓋引鍵值省來到這裡後果
619,156261.wav,6,張道陵張天師把物空反夏天公的是咒齊豫的豫地說誰去捉拿尺怪托塔李天王與哪吒三太子說萬歲為成父子願去桌子怪物的舊風李靜唯
620,156723.wav,7,我只管跟太太奶奶們出門的世界應你原是太太的親戚又拿我當個人投奔了我來我盡破個例給你通個興趣但只一間老老有所不知我們這
621,156747.wav,7,褒義詞詞語寶釵究竟之地政測量深深田實施的油箱進不知細和香氣說聞解決心的是什麼相我竟從未見過這味兒寶釵笑道我最怕薰香好好的衣服新的淵寮火氣的
622,157029.wav,7,選擇好說我今日回去你也不送我一程音量而門數日相好我捨不得諗諗過來別你一別還有一件心願為了非告訴筍子別人未必重用
623,157394.wav,4,金老卻把他拉到屁近處悄聲說恩人那上面貼的是cheap
624,157535.wav,2,張菲依婷大怒拔刀要殺押送囚車的官兵就出如此劉備急忙攔住說朝廷自有公論三人便一起回著線去增進間見黃金龜把董座領導的冠軍殺得大敗
625,158377.wav,6,確定一個漁翁村舊房子等在岸邊唐僧師徒懲罰過了健康風要給百度前5公說不打他就便宜他了還給他錢塘生說他好心的我們過見你怎麼還要打他空說他是建中水神迎接來遲怎麼不該打
626,158414.wav,3,在伊利諾州的絲團司成立特許經營公司麥當勞系統公司1960年麥當勞系統公司更名為麥當勞公司1961年雷克羅克以糖百700000美元收購麥當勞兄弟食家餐廳
627,158707.wav,3,程式設計一計函數語言程式設計他提供語法來操控文字陣列日期以及正規表示式等不支援iO比如網路儲存和圖形等但這些都有可以由他的宿主環境提供支援
628,159093.wav,1,一個合適的事情帶我伴伴我們是同創治好我自然要好好的招呼你是魚你另多的話只好慢慢再說好在他終究是要回來的總不能一輩子不見面我說到家博到
629,159598.wav,7,維士比驗退之所及諮商組中朱仁街全在鐵嵌式下他獨有鳳姐鹹不方便嬰兒島淺人來和饅頭安的骨子鏡須說了疼出兩間房子來做下處
630,159750.wav,7,他孩子娟我就沒工夫應他的是咱們的孩子要捐會寫的履歷來假真聽說忙吩咐會命書房裡人恭敬寫了大爺的履歷來下次不敢怠慢去了一課便拿了一張紅紙來與賈珍
631,160050.wav,2,走了3天到了城高地區天色已晚餐超值的森林深處對成功說到這裡有一個人叫做呂伯奢他說我父親的一兇我們可以去哪裡投訴一首成功表示同意
632,160179.wav,5,造成傷害新北市立聯合醫院眼科醫師張延瑞莎的原因就是視網膜新生血管黃斑水腫的三個來就是最可怕的新生血管的青光眼通常記者的
633,160241.wav,1,在北京城的佳佳博水是回過幾次家鄉卻都沒有帶家眷我又是經幡頭一次到南京來所以沒有見過既知道
634,161514.wav,0,對我說已經係最好你不去見見世面嗎我想看戲是有為的而況在北京了於是都興致勃勃的跑到什麼元細紋已經開
635,163058.wav,2,徐州太守陶謙的好朋友成功當年曾救過曹操便前往朝飲券曹操標攻打徐州曹操充耳不聞成功感到5點之間陶器
636,163560.wav,3,伺服器通過網路對外提供服務可以通過Internet對內網提供服務也可以通過Internet對外提供服務伺服器的最大特點就是運算能力需非常強大在短時
637,164067.wav,3,可燃氣體之火警如石油氣天然氣乙炔甲烷的類可燃固體金屬之活緊如美銅鐵鋁大甲李伊俐通電物體
638,164185.wav,5,在北部及東半部地區降雨機率就會提高天氣也會轉涼油期初三初四水器比較多中南部的雲量也會偏多山區也可能有些短暫雨要提醒安排活動的朋友留一年節假期前後段的天氣不太一樣他在安排活動的時候要多留意出山之後的天氣變化
639,164652.wav,2,特上受九太后曰記雲受九如可欣穎如怒曰如不贏也虎左右持短刀
640,165452.wav,1,這間是大人可可以自己去說非只怕說不上去沒吸到老歌萬不可這麼稱呼我們一向相好不然兄弟送一份鐵的過來我們換了鐵就是兄弟何必客氣
641,165640.wav,3,迪密特的神話與他的女兒泊瑟芬緊密相關不設分從小就和母親的密特在一起生活並且怎麼考慮過婚配之事有蛇
642,165723.wav,0,我曉得他們的方法直接殺了是不可能的而且也不敢怕有和碎所以他們大家聯絡不滿羅網的我自強是看前幾天接上來
643,165829.wav,6,區間要往右往症要吃人呼庭小要來報仇山君與特圖是來了只見一個黑大漢語一個胖大和搖搖擺擺手來說你將軍恭喜恭喜又做得好生意你將軍就把二重人來代課31喀嚓喀嚓吞食的心肝白肉分給小妖
644,166074.wav,2,禾聯聲嚇退南應旅不同入後躺時告前因就將曹操鎖送秘書與呂布看不看畢契約實乃曹操與令二人不和弦得越兇惡幽劉備是不為此不義之事
645,166228.wav,3,阿姆石埤塘不小心情形一下從梅杜莎頭上低下的點點心血不到地上變成各形各色的毒蛇博爾壽司藉著美杜莎頭的力量殺死海怪解救安德洛莫達還張飛紐斯和他的士兵們變成石像
646,166307.wav,2,一天董卓上朝意識去了呂佈成績與貂蟬在後援的鳳儀亭約會卻被董卓創見董座拿起停電呂布的話記追趕要刺呂布從此兩人便結下樑子
647,166640.wav,2,話說曹操領兵回到埔楊佳瑩呂布領兵50000與曹操百下正式開戰朝將夏侯樂近都打不過呂布曹軍大敗主廚推了40禮當天晚上老君籤去偷襲旅部溪邊的一個營造
648,166751.wav,1,哪個對金馬褂頭上帶著一點20年前的老師大帽帽上裝著一顆車群頂仔腳上瞪著一雙黑布面的雙量會薛大踏步走出來後頭送出來的主人卻是穿得找洪明籌建一
649,167174.wav,7,便起身上車外面忘了預備下賞楓賞了本村主任莊富等來犒賞鳳姐並不在意保育卻留心看時內中並無二丫頭一直上了車出來走不多遠時間
650,167341.wav,5,近日公佈的護照指數參照國際航空運輸協會資料條列全球200個國家和地區享有的免簽國數量日本擁有180
651,167711.wav,6,放起火來天亮後能炸藥秤要無心慌意亂時再去挑戰眾神將其身回應來到洞前空上錢嗎正老摩勃然大怒請槍出佔空輪棒相迎
652,167984.wav,6,京都來到傲來國艦國中六街34號不熱鬧但享有現成的弄幾間豈不更好這吹起一股狂風直爪的天昏地暗日月無光家家關門閉戶他就按若昀頭尋到皇宮的冰
653,168280.wav,1,鍋子的3000引子他卻說有賣20000場賣20給我們一個95回用我名字是賣不掉的好在是寄賣東西不犯本錢又不很不佔地方就拿來店面上做個白色也好就答應了他帶三個多月雖然有問過但是聽了價錢都笑了圖書舌頭來
654,168668.wav,2,恐龍約容齊豫就桃公主聲音就一一為大義宮崎獨無障義之心葉玄德曰既如此請文具先行
655,169124.wav,7,只聽計資料照這個不過是桂花剪錯人要照著班結果肉桂花是個當丫頭的又當做婊*的他還想著坐命負你就好笑了還有一個情越南命婦去做婊*的豈不是更好笑嗎我聽了覺更覺得他一集
656,169157.wav,0,酒精老太說7斤慢慢地抬起頭來歎一口氣說皇帝做了龍停了旗津島單的一刻忽而恍然大悟的到這個好了這不是又要黃大社了嗎
657,170035.wav,5,正常那麼一般飲食的畫質的熱量大概都是500到800大卡那我們待餐的熱量非常的地就是1200 150大卡到200大卡所以說如果你中午吃了一餐大餐的話那我們下一餐晚餐我可以用代餐的方式來取代一餐都是一樣的身體
658,170544.wav,2,綠島軒品門止亂離等人要皇帝教徒王允才願退冰皇帝抽出不絕望遠毫不猶豫大叫一聲從們樓上跳下被亂到殺死從此朝廷大全落入裡過世的人手中
659,170579.wav,5,眼鏡盒手機並將這筆錢全拿去清償高利貸方之後林姓男子被捕警方依殺人未遂罪檢察起訴二審法院審理師李姓男子鑽石城電影看多了戴手套是想不留痕跡也承認攻擊被害人但卻辯稱當時只是一時貪念想偷走被害人的包包並沒有強盜
660,170793.wav,5,情緒以及下半年中國大陸藥局新19屆全國黨代表大會這些重要的動態落也會我們會持續延收資訊掌握中國大陸情勢的變化對台灣的策略作為並針對
661,170988.wav,0,孔乙己喝過但完酒漲紅的臉色漸漸復了原唐人便又問道孔乙己你當真認識字嗎你給看著問他的人顯出不屑置辯的神器
662,171160.wav,5,臉書今年手機生存51 83000000個假帳號鄉道銀月活躍用戶數的3%至4%但報導指出臉書公佈的數據朋友現例如一廚韓影像暴力盒
663,171162.wav,0,彷彿氣惱著答案鄭和他的議論差不多近乎隨身負荷模樣接著便將頭轉向也以免去了一句習慣法這是宣告討論中指的表示
664,171332.wav,2,這樣吃喝談笑有一天百官正在吃喝時動作令呂布將司空張溫拖出去斬了用紅糖漿張問仁童送到息上百官嚇得魂都沒有了動作還像往常一樣談笑說中文想勾結緣素害我所以我把他殺了
665,171395.wav,1,功夫還不夠上了況且這件事我看得很但這也是個人的脾氣老太太道你是看著但可知你母親並不看的蛋了這回你帶了信回去我才知道你老太爺過了
666,171826.wav,2,揮動雙股劍上前住在終於將呂布打敗了呂布戰敗兵無戰心董卓為了保命放火燒了東京洛陽城鴨皇帝大臣和洛陽百姓簽到吸睛長安
667,171871.wav,2,變的母親和太后見董太後把詞大全心裡也不同會他講了一個計策在空中擺了一桌酒請董太後來喝酒券董太后不要管國家大事董太后氣的臉上候銀證白證要人大吵一場
668,171932.wav,3,稱為新高山在台灣百岳中代表布農地與山與泰雅的雪山阿妹的秀姑巒山南湖大山台灣的北大武山合稱五月為台灣最具代表性的5座高山
669,172125.wav,7,鳳姐到你見過別人了沒有焦味道都見過了說比連忙退去空姐向寶玉笑道你林妹妹可在展加註長了寶玉道了不得想來這幾日她不知哭得怎樣了說著觸媒長炭
670,172224.wav,0,什麼遠遠的江湖再放上的繩子紙的啦那你卻就照在主殿下了什麼都有到雞腳雞佛骨蘭貝爾芋是又很盼望下雪
671,172243.wav,6,91面大旗秀的齊天大聖是治不由大怒批頭衣服趕去大乘不慌不忙舉辦迎的不出幾何把夫餅打成兩截距離神慌忙帶走大聲笑著說膿包會氣爆行
672,172247.wav,1,是什麼意思呢是濃到這些女子叫做業績的人就是留倉的意思也有良家女子也有上茶館的這是洋場上的風氣有時也是個禁令然而不久就開進的了
673,172464.wav,5,你提早給你就會被間而導致未來將不會有新進老師進來教育部長潘文忠表示建立永續的退撫制度勢在必行但相關改革應該還不推動考慮教學現場的差異性他建議未來中小學教師退休年齡可以考慮延到60歲大專校院退休教師年齡者可以比照
674,173494.wav,3,祖產生文化經濟交往由於和族人口從黃河流域大規模遷移至翰的南部的長江和珠江流域使生醫觀渡難度進一步增加了南方的離族等少數民族與漢族的文化和經濟聯繫
675,174047.wav,2,砂島關乾元素丹心瞬間破的董卓增加的實力對自己不立友誼不發給孫堅梁朝孫堅營中缺糧君心慌亂被劃雄趁夜偷襲瞬間軍隊大白
676,174710.wav,1,有一天高聲道的插管理看見一個騎人進來泡茶卻是自己帶的茶葉大開的紙包把茶葉盡情放在碗裡那堂上的人到茶葉怕少了吧那奇
677,174747.wav,6,悟空以看認出是老君就失禮說老公而哪裡去老君說猴子還我寶貝葫蘆是承擔的計
678,175282.wav,7,拿到如今現世榮國府甲二樓爺的夫人聽的說如經上了年紀越發0瓶是老最愛在增進到蛇你捨前的如今王府雖生了邊認只怕這二姑太太還認得雜難
679,175732.wav,1,還見的人而你是我自家親親人掛上了一個名字他總得要分給你一點好處還有你書其名下應得的薪水大約出席還不很壞這五十兩銀子你慢慢地還
680,175891.wav,0,自己搖頭說不多不多多乎哉不多也不是這一群孩子都在校生裡走散了孔乙己是這樣使人快活可是沒有他別人也變正和
681,176912.wav,7,寶玉早已看見多了一個姊妹便料定是林姑媽之女王來做一隻見比灰作細看形容雨中個別兩彎似蹙非蹙罥煙眉一雙似喜非喜
682,176992.wav,3,巴塞隆納足球俱樂部簡稱巴薩是一家位於西班牙加泰隆尼亞巴塞隆納的足球俱樂部1899年有一位瑞士企業家胡安甘伯所創
683,177201.wav,7,宇春正植物感風寒並在旅店將1月光警方監獄一應身體勞卷2一般廢不濟也正與尋個合適之處暫且先下信有兩個就有意在此靜居住英文德
684,177517.wav,6,石桌石椅石鍋石造石盆100000樣樣俱全時候跳出來像中猴說了中和香劑跳進步步專進洞裡一個個爭盆多晚鬧得不可開交時候往當中時以上一座
685,178114.wav,3,可以選擇針對特定分享對象進行聊天串對話文而關於用戶自己的詳細個人資訊頁面只有在自己能決定誰可以檢視你可以設定只有你自己能才能檢視或是摯友圈和朋友圈和朋友的朋友圈或完全公開
686,178193.wav,1,笑話還是我用的底下人告訴我的我告訴了這個笑話給你聽你就知道這底下人我此刻還用者呢就是那個高生最高分是京城裡的人我那年進金會士的時候就用了他
687,178624.wav,1,白能冷開水高勝心中你是暗暗好笑後來又看見他在10號出兩個金錢來買了一個燒餅在哪裡吃著吃系系主角像是很有味的光劑吃了一個多時辰方才吃完
688,179383.wav,3,查數值通常用一個短的隨機字母和數字組成的字串來代表好的雜湊函釋在輸入獄中很少出現雜湊衝突在雜湊表和資料處理中不一致衝突來區別資料會使得資料庫記錄更難找到
689,179618.wav,2,超在演奏招賢納士有數值2人來投曹操男飲川影音人行尋名與字文若珣坤支持也就是袁紹精氣少頭操
690,180275.wav,0,上次掃地終於朦朦朧的走路會相全物質都很近就是紅鼻子毛孔的小曲也高銀唱完亮亮嗆嗆出了想哼卻又體間的喉嚨唱到我的冤家雅可憐你孤伶伶的男pr5變身手肘
691,180435.wav,1,鐵帶插著一個子花映的文書格子還有兩個人都穿的是藍布長衫上是個底下人光景我想這明明是個官場中人如何會做賊呢這廣東人太胡鬧了
692,180584.wav,1,我獨自一人越覺得煩悶睡在床上翻來覆去只睡不著想到季之此時在裡面敘天倫之樂自己越發難過做起來要寫封嘉興又沒得找我
693,180633.wav,0,選錯也毫不為其毫不介意因為他根據他的差不多說知道這是新聞記者還會缺少潤筆的緣故觀於政府或是客人聽了今天他們多半也要開大會的
694,181652.wav,2,昨入此其目暮十年91以問曰吾兒和往卓越而將往受和產母親早晚為太后也
695,182490.wav,5,此鳳梨酵素對於消化不良便秘等腸胃問題具有潛在的療效不過醫師也提醒急性胃潰瘍糖尿病患者過敏體質的人盡量少吃鳳梨
696,182676.wav,0,現在怎樣贏這個小東西也真不成東西關在牢裡還要去老頭照反派呀那還了得坐在後排的一個20多歲的人很現出氣氛怎麼樣
697,184186.wav,7,王夫人道前日聽見你大妹妹說蓉哥兒媳婦的身上有些不太好到底是怎樣呢要有是照他這
698,184340.wav,1,我想定主意就將這車子的勁戰改錯了小說題材和做若干回家的新頻率寫一封信另外將冊的封號寫著劑日本橫濱市山下7
699,184824.wav,2,300系劉備劉備不殺呂布曹操又生一計先派人告知元素說劉備上表黃的要攻取南郡水後有正式下照讓劉備徵討原宿兩天一打呂不必然會令達主義舊校區虎吞狼之計
700,185001.wav,5,只有一些不同的意見在內部討論也都會有些不同意見其實在內部都會公開討論那國昌其實也不會去很多的事情其實也不是主席一個人說了算那都是大家有意見的會公開討論所以如果說這樣還有一些國中不足的地方其實就像我剛才講的應該是我們這幾位
701,185137.wav,2,神仙境洛陽城舊火失寵皇宮的經歷打撈起一顆黃的用的玉璽答應援紹得知這是後要身兼將傳國玉璽歸還朝廷孫堅撒謊說他沒有見過預習帶領人嗎回江東去了
702,185460.wav,5,昆蟲或多避障礙物逐漸消失在田野中的順便採集各地蝙蝠糞便回實驗室化驗結果發現均含有猛等重金屬調養狀況研判北部編輻射工業與交
703,185465.wav,1,正在這麼想著既知乎的禮回到公館裡番才坐墊虎豹遊客拜會計知覺其面換上一罐出去回合我是在書房裡不去理會解需救濟制裁送過客回進來裡面脫屑一館一面說
704,186069.wav,3,2007年10月24日微軟宣布以2.4美元購入1.6%的臉書股權讓臉書的總價值來到約151美元在2009年後臉書的留
705,186404.wav,1,畫了兩塊羊犬又住了一夜到天明起來桂花問他要一個金戒指他連說有有有可是要過兩三天了過了3天果然呢
706,186747.wav,5,刑警大隊偵四隊許文鴻專員說媽媽來下單後取出少量下班的時候經由正常出貨來去的媽媽們的信任那帶大量下單後旁邊有匯款他就開始好
707,187288.wav,5,男子全部擠在裡面有福二路派出所潘宏研所講說要幫助我們了解就我們了解這群人好是因為這間酒店之前的一名股東在外面跟其他人有糾紛嗎那昨天
708,188460.wav,2,埋伏的武士停車刀槍劍董卓變次董座穿著厚夾沒有被刺死董卓大叫呂布救命呂布應聲蟲車後轉出一記之事董卓殷候頓時器絕了王遠下令將董著屍體扔在街頭漲老百姓謝和
709,190060.wav,0,房事嗎他先去吃涼亭他喘不過氣來比赤子都善這呢這是火剋金和小先說了半句話便閉上眼睛算是嫂子也不好意思再問
710,191101.wav,1,可以求的就參上些滑石粉南熨斗一趟到弄上了兩塊白應徵來了他們恐怕人家看出來等到將近上燈未曾上燈的時候方才送還人家以為可以混的過去
711,191204.wav,0,陳志誠心裡彷彿覺得空虛了渾身流汗吃到的只怕燒這期間薪代工統一抖動YouTube追蹤古怪的小東西了這似乎有些麻將行的感觸手很鬆脆他又具
712,192148.wav,2,動作請陳留王登上殿堂尋常喝洗完畢後動桌面令符合太后和紅豆王和源皇的妃子唐詩路永安宮封鎖功能禁止一切大成進入可憐的掃地
713,192193.wav,1,魍魎20年之久在此中過來會成倍的一種所食味噌貝第二種所但會成倍的三種所覺居然被我都比了過去還不算是九死一生嗎所以我這個名字也是我自家的紀念
714,192354.wav,5,第一分局忠孝西路派出所林聖崴所長說政策是不是能求那可能是因為一時興起1加上7公尺他靠邊接受盤查所以他才會有衝動的一個什麼車子騎車衝撞的員警手腳分別受到擦挫傷
715,193269.wav,2,i11無法從出操操逃亡北門國光中撞見呂布吹來曹操點忙用袖套遮住了臉侶不用化忌在曹操的頭盔上打了一下問曹操在什麼地方炒糙隨手知識前邊的人騙走的呂布還是以逃生
716,193730.wav,6,鎳的無影無蹤空正要死定身法定他們均成虎鯨鯊曾經照扭頭不見了師父及中生跳上半空只見一道皇城往西北去了大叫兄弟們會隨我去
717,194219.wav,5,500人內政部役政署副署長沈哲芳舒98.9適用產業
718,194566.wav,5,將近150公斤的安非他命高雄地檢署襄閱主任檢察官王啟明說資訊外發現代投資料消防的來很機並且從其中一名嫌犯的學生發現場防寫捲門的遙控器
719,194848.wav,0,我這次是專為了別他而來的我們多年去除兒子的老虎已經共同嗎
720,195138.wav,1,他的狂焰逼人自以為民政天下了最可笑的還有一般是會不過略識之無因為燕現哪些地方名是要跟著他學出了錢叫人帶做了來也送去登報
721,195221.wav,6,雨的說著猴頭人如此無禮天整人裝那麼讚出班說可
722,195573.wav,3,匹克球是用球拍擊球的一種運動是從美國西雅圖的本不理祈禱星期的說他是網球羽毛球盒子
723,195603.wav,2,各路諸侯的兵馬靜的洛陽曹操券袁紹趁機追擊董卓豬頭都不願意插槽歉這些人目光短淺不能吃
724,196045.wav,1,怎麼撥他呢既知道沒細說是他兄弟的事不過萬把銀子這回又肯拿出18000來周璇這件事有了10000和8500想萬把螢子的老在差不多也可以將就了結的了又何必另外周璇呢
725,196659.wav,2,曹操聽說劉備得了徐州不禁大怒不要傳令出兵攻打徐州模式尋見曹操動怒建議他攻打松川等地的黃金軍讀取當的糧食
726,197059.wav,5,一個一個品牌有他的他方就在的需要決定先從就會取得很像國道三國2國是跟國保這個屬於都會區行德烈路段喔那就是停用就是把它拆掉了公雞啼進度人如果在沒有緊急電話的路段有緊急狀況應盡可能地把車輛停靠
727,197482.wav,2,在陳留王登基稱為漢獻帝後動作用命令例如設計在所謂的受九里餐獨臂紅龍王和泰後還有唐飛影像毒死了紅樓夢和唐飛太后不同
728,197518.wav,0,就是燕人張翼德的後代役之丈八蛇矛就有萬夫不當之有誰能抵擋他他兩手同時捏起空選彷彿或者無形的蛇矛模樣像發音少強勁幾步道你能抵擋他們
729,198399.wav,4,金老說老和婦女逃出為週深怕正獨派人追來美感奔東京雪來到這裡恰巧碰到一位老鄰居他幫老和安度
730,198734.wav,1,姐姐那廣東人伸手在她床底下一收啦出一個往南來七橫八豎的放著十七八感鴉片煙槍89之同水煙筒狀人一間一起亂嚷起來這個說那一支煙筒是我的那個說
731,199036.wav,0,既然是納海折當然需清將令的了所以我往往不適用地區比賽要的約瑟芬上晴空天上一個花還在明天你也不是算是找自己沒有做到看見兒子的夢
732,201111.wav,1,正在說話間忽家人來報說老太太到了在船上還沒有奇案
733,201377.wav,7,吃劉姥姥一巴掌打了他去福建周瑞家的象棋吸走過來招手微叫他劉姥姥會議於是帶了反而下抗智糖屋中周瑞家的又和他幾乎了一會放過正道這邊屋裡來
734,201622.wav,5,特別的理由身障朋友組成的有愛無礙團結帳用手搖自行車跟團挑戰展現他們對生命的熱情這次的自行車隊伍將以自行車環島一號線為住在路上遇見時別忘了給他們加油打氣警廣記者陳怡伶台中市報導
735,201908.wav,3,多數債意佔上風但未取得的定全局的戰略性大乘法國遠東艦隊雖於海戰贏得全勝並一度攻佔基隆澎湖等地卻英語護衛經新北市淡水區111受挫吃一併流星
736,202187.wav,5,今年初在新發布的國際疾病分類當中加入電玩成癮電玩成癮症是列為精神疾病等於承認識重大公共衛生衣
737,202254.wav,5,頭預防控制環境污染環境污染防治的監督管理等許一項具體職責其中生態環境局有擬定生態保護規劃的職責包括指導協調和監督自然保護
738,204023.wav,7,難以用工不妨嘗到寒的小王雖不才卻多蒙海上中明是防制毒者未有不另垂青木是以涵的高人頗具令郎長去談會談會哲學問可以日竟以假正忙躬身答應
739,204905.wav,7,時間來旺媳婦拿樂隊牌來領取成文經綁紙紮票上披著數目眾人連忙讓坐到茶意麵命人案數曲子來抱著同來旺媳婦一路來自於門口方交易來旺媳婦自己抱進去了
740,206218.wav,3,3年17 35年的3450 30480武營兩上升至全龍39年1774年的73900005仟610飲料
741,207705.wav,1,客人來了就到都屬去求見那位刑名師爺又遞了一直催城那刑名師爺光景是對大帥說明白
742,208561.wav,5,這個情形不太標準在哪裡買標準在哪裡學院提到有問題的論文有使用到科技部經費亮紅燈表示由於研究經費與使用完但部分經廢金討論確認後將會追回金管記者韓瑩台北報導
743,209234.wav,2,自古以來天下大勢分久必合合久必分春秋戰國天下分崩秦始皇統一天下秦王之後楚漢相爭漢高祖劉邦消滅了主辦
744,209270.wav,3,雨量只有世界平均的6分之1約有46.2%之降雨量直接流入海中而33.3%為蒸發散損失可利用水量僅佔降雨量之20.5%位於新北市平溪區的火
745,210665.wav,5,查獲毒品證物科技偵防犯罪器材並且由海關緝毒犬培訓中心進行曲毒犬執行點練習圖犬的功夫確實到位貴族增添不少能量平廣記得量靴台中市報導
746,211333.wav,1,還有好笑的呢你看他抱上不是有許多題畫詩嗎這座題畫詩的人後佛告白上面總有他說話仿單其實他
747,211719.wav,5,哪間珍品牌的伴唱歌曲一組愛伴唱產品競爭品牌事業從事競爭也造成不分卡拉ok店家的消費者在相同消費金額下可選唱的歌曲數量減少對伴唱產品供應市場的競爭及消費者利益明顯有負面影響所以予以重罰警廣記者王瑩台北報導
748,212302.wav,6,悟空這才解下殺生八戒糖生收10馬匹行李正要係行山神把飯送萊塢空姐過飯還是熱的三成就說小神把飯又熱了唐生吃了再一半失獨裁馴鹿希行
749,212636.wav,5,我要找不到工作就不與祭聲音樂調查學生申請計畫的醫院勞動部責將在5月公佈詳細職缺內容有醫院申請的學生須提出2000字左右的計劃給教育部另外媒合成功後就是公司正式員工工作待遇及義務都比較其他員工警廣記者風行在台北報導
750,213229.wav,2,蟑螂等聽說外地的冰來到便先下手太50名刀斧手埋伏在長樂宮佳德門內讓何太后朝和親進攻何太后不知世紀
751,213687.wav,5,台中目前圖鑑三星的相關應用來看針對智慧語音助理喇叭自動駕駛的ABS系統與元件智慧製造與智慧工廠影像辨識與監控等相關產業供應鏈東勢AI人工智慧未來發展的重要產業趨勢
752,214146.wav,2,9月15 10動左起黃的來到加德店召集文武百官動作拔出長劍對大家說天子現在才若不足以君臨天下現在我們前面被皇帝為紅龍王鳳呈流亡威皇帝
753,215146.wav,6,二人相見各執一詞話不投機大動干戈將來辦網大戰30回部分勝負寶麼喝才好喝而整個是鬧天宮的本事物空也稱讚老母
754,215845.wav,1,只聽那廣東人又對眾人說道我不說明白你們眾人一定說我
755,217434.wav,0,他們又故意的高聲嚷道你一定又偷了人家的東西了孔乙己睜大眼睛說
756,220208.wav,7,大甲真英建發飲日鏡精製作車貸了陰陽師利網鐵桿式來踏石紀0所在又一一組
757,220573.wav,1,姐你還了一文錢就認你是好漢還不出一文錢正平你是大爺二爺也得要留下個東西來做筆呀你要知道我不能為了一文錢到你府上去收藏
758,220736.wav,0,閨女生了一個夜叉支那他在春人裡面的卻已經是一名出場人物了但夏天吃飯不點燈卻還守著農家習慣所以回家太直是幹嘛的
759,220833.wav,3,感覺屬於認識的感性階段是一切知識的泉源她同知覺緊密結合為師為活動提供財
760,221001.wav,5,烤吐司三明治的早餐的選擇很多可以適當的選擇其他的食物不要每天吃這一個用這個高溫燒烤的食物請睜眼說如果真的無法抵抗金本料理的魅力不要記得避免使用燒焦的部分以降低罹患癌症的風險警廣記者將軍俑在台北報導
761,221236.wav,5,長時間固定頭部與頸部資訊使用3C產品頸椎無時無刻之城同步中亮醫師建議每個一個小時就要休息這些簡單的錦被一直腰部伸展運動適度舒緩淨減壓力如果發現進部劇烈疼痛乾蔓延到雙溪火下肢就應該盡速就醫警廣記者胡薏文台北報導
762,222039.wav,5,在蔡英文總統出訪期間房行通過台灣海峽先前國防部記者會中的關切國軍飲處即反制動作當時國防部聯合作戰處副處長魏兆麟上校就表示國軍會依照國軍經常戰備師7突發狀況處置規定情形應處警廣記者王武聰台北報導
763,222481.wav,6,買了唐僧重回高老莊殺生不忍心板過師父一摸口中還出氣就喊八戒過來唐僧甦醒過來身影一會兒大麻波猴
764,224646.wav,0,神佛面前許下願心用圈子將她抱住了她見人很怕羞只是不怕我沒有旁人的時候電和我說話是不到半日我們變熟識了
765,224883.wav,2,如約金斯勒上將華雄誰是好大袁紹為盟主少書袁偉現為太傅盤或裡應外合身為不便可先除之請成像清領大軍分撥繳補
766,226326.wav,5,陳肇源不但立即伸出援手還鹼是老先生有沒有受傷病陪同他到醫院這個舉動全部被路口停等紅燈民眾目睹稱讚陳兆遠真是一位暖給華姐一場回機警廣記者梁靴台中市報導
767,227405.wav,5,完成為全球AI研發創新基地國研院晶片中心在典禮中特別頒發特殊貢獻獎給新思科技一表揚新思科技長久以來協助國研院晶片中心
768,229322.wav,7,沒熱吃下去發散的就會沒冷吃下去變凝結在那裡武藏去暖他豈不受害從此還不會不要吃那冷的呢寶玉聽這話有情裡面放下冷得令人軟來芳瑩
769,229809.wav,2,都有喝嗎你感染假冒黃清虛道功勞朝廷就要淘汰你們這種官員劉備不敢頂撞退回衙門縣立說獨遊無非是想索取賄絡劉備說
770,230094.wav,7,八家都猜人吃了名鐵送受理來去回了我父親先收在漲房裡了理單都上了擋止了老爺的領解的名片都交給個來人了個來人也都造就立上了送
771,231950.wav,1,中旬自己本來是一個男和店裡學生一出生不知怎麼樣被他走到官長裡去你想著
772,232223.wav,0,F會館裡有三間屋相傳是往昔曾在院子裡的槐樹上射死過一個女人的
773,234960.wav,0,一溜煙跑走了程式程還看見許多少頭夾著黑圓圈在眼前跳舞有時雜亂有時也百乘一樣的症突然而漸漸地減少了模糊了
774,236330.wav,6,山神土地來建物公說怎麼有這麼多山神土地重生說這裡是600理專頭號30裡13省十里一土地共是60名迎接來遲請大勝訴罪
775,237982.wav,5,非常重要的指標場場屏東轉運站的總工程經費是73500000原則內提供客運售票窗口以及公車動態之外還有廁所後車
776,238118.wav,1,我借五十兩銀子給你騎回去你心上也不比其名是藉來的也不必提到未見著另箔紙糊里糊塗的說先騎回五十兩銀子隨後再寄吧了不然令堂伯母又多一層召集
777,238170.wav,6,和大順章些清他是牛魔王的兒子羅剎女所生叫紅孩兒成在火焰山修煉300年煉成三昧真火號稱聖嬰大王武功嚇退
778,238738.wav,5,不定時的會進入我們分局好來的時候我們簡述這些組織犯罪的一些幫派糖果所以這這個對我們簡述黑幫的工作注意非常的大
779,238806.wav,1,正在胡思亂想的時候忽然一個丫頭走來說是太太請我我便走道上方去見了季氏夫人問有蛇世紀
780,239138.wav,7,甲君由是兩人親自的樂茶飲笑說道老太太原色老鼠中我父親又是直而這樣日子園不敢請他老人家但是這個時候天氣正涼爽滿園的紙花
781,240281.wav,5,造句法入獄在獄中勤奮寫作排成為地居民的鄉土文學作家作品廈門新娘草地狀元都曾被翻拍成電視劇後來因緣際會踏入影視傳播產業也曾經主持政論節目一特有的主持風格走紅警廣記者魏晶妮台南報到
782,240679.wav,7,只是去了閉時您龍國2數值是領牌交牌的人來人往不覺那到會被打之人含羞去了這才知道鳳姐厲害種人不敢偷閒安置此兢兢業業知識保全不在話下
783,240895.wav,1,大帥說要是有這回事找些料理清楚不然這裡提出去就不好看了凡台一眼問他他卻LINE得個一乾
784,241515.wav,5,政策讓民眾來申請自動解飲影的戒酒癮的這個策略納中央也支持這個策略的重要只要你申請就有40000塊前的補助補助你到111療院所張醫生幫你戒酒癮者都是中藥
785,241595.wav,2,GE巢氏安金附圖假不驗中心虎情非常知識哪有非常之公願將軍絕技之超時招手而笑曰
786,241606.wav,3,規模宏大語言方面夾用文言白話明會生凍劑吸收古代文言的精華液加以適當的通俗化不能聞不甚深言不勝數收雅俗共賞之意書效果
787,242957.wav,1,有一天來了一個人買了幾件鼻煙壺手鐲之類又買了一卦炒豬團的價錢實在那行批屏東西的毛病出那東西的出處著實是個行家過得兩天又來看到
788,243607.wav,0,但是教書都不給錢兒子去唸幾次數到要前一覺得他已經不很不濟道理是乎就要將自己當作校長來通緝犯不上便不再言語了
789,243821.wav,0,老公愛爾達棒球很舒服飾的喝了一大口酒屋的唱齊小雪來的時候甚至少子正抱著他的寶兒
790,244418.wav,6,山中不計歲月轉眼就是幾百年這天美猴王正同群猴戲戲突然雙眼垂下淚來從頭忙跪下問蛋王為什麼煩惱猴王說雖然
791,244445.wav,5,484萬多元豐富表示中央機關幾年共有20間的國賠案國防部賠償期間斷最多出了雄三飛彈誤射另外還因為國軍車輛撞傷前往行籃球國手也賠償2800個為其實是張不了一千多萬合法不了三百多萬劍歸宗台報到
792,245472.wav,5,這個高中職的或者是我們今年調查今年的高今年的國中應屆畢業生有30%以上的學生這個高中就只有高度說應該告訴他基本上他
793,246304.wav,7,吃了半碗飯的跟周玉石修02人也吃完了飯又燕燕的七上茶來大家吃了所以麻煩放了新學院等三四個丫頭以吃了飯進來時候再約因為保育道
794,247079.wav,6,搖擺擺手週過戶不多久就學會了人的理解和語言他到處尋找仙山洞府直找了89年也未能找到就在邊的房子飄到西牛賀洲又找了多日
795,247806.wav,0,吃我的人臉是我的哥哥吃人的是我哥哥我是吃人的人的兄弟是我自己被人吃了可能然是吃人的人的兄弟
796,247827.wav,1,到了晚間我再臨床旁邊守著夜深人靜的時候哪有雲秀走來敲敲昏倒
797,250666.wav,1,這車子站著卻是不發一言死裡逃生分開眾人走上一步向和子問道這本書是賣的嗎可溶解我一看那漢子倒著輸要賣也可以要不賣也
798,251093.wav,0,但我們終於談到搬家的事我說外間的御所已經註定了又買了幾件家具此外需將家裡所有的木器賣去
799,251126.wav,6,說你們都是一心且看二心讀來了話音剛落就見兩個悟空跟著金剛來到飽店爭先恐後李子春是真的那四大菩薩八大金剛五百羅漢3000體接地的距不知真假
800,251544.wav,5,新6點半會議主席有美女宣布為了避免造成社會對立是緩則圓委員會通過協商結論為本案逐條審查前會廣納各界意見因先召開兩場公聽會同一個版本草案於第9屆第2會期結束前審查完竣切審議過程不得貝格金廣記者王瑩台北報導
801,251557.wav,1,我聽了記之一席話暗暗想道句他說起來這兩個到台一個支線的行進官場中盡是男盜女娼的了彈G之現在
802,251760.wav,0,那麼給這裡的報管理給報管理便在這裡很大的砲管理我靠這一個學生在哪裡做編輯的大前面1000字也就是這幾個錢
803,252990.wav,1,我看了這行知道是中雷系的事然而不變出一千兩的收條給他一拿了這封信走到書房裡順
804,254304.wav,0,顴骨沒有這麼高嘴唇也沒有這麼薄而且中日作者我也從沒有見過這員規室的姿勢哪時人說因為1則豆腐店的買賣非常好
805,254319.wav,3,事件北京政治風波止1989年4月15日至6月4日間發生的一系列事件起初是北京各高校大學生悼念前中共中央總理書記胡耀邦後來演變成全國範圍的大規模的抗議示威
806,255183.wav,1,你的是想念兩個字只有想去銀是說不著想的若說難得年存年這又是長輩出面的口氣質而從前看見古時的木質杯明多有用處
807,256723.wav,7,又比不得5年前了如今太太近不大管事了都是連二奶奶管家你到這連二奶奶是誰就是太太的內姪女當日大舅老爺的女兒小名鳳歌的
808,257535.wav,2,三人從路正中救出了董卓不料董卓依婷三人並無關直立刻把三人丟在外邊像馬進帳去了張菲頓時火冒三丈練拔刀進帳要殺董卓又被留被勸著三人於是領責任嗎
809,258707.wav,3,JavaScript一種高階程式語言通過解釋之心是一門動態型別物件導向的直譯語言他已經經由ecma通過ecmascript實現語言地標
810,259093.wav,1,出去的話可是大哥打聽來的還是別人傳說的呢既知道這是我在蕃薯好房打聽來的千真萬真斷不是謠言你寫作做我還要出去辦一個客呢說著出門去了
811,259598.wav,7,原來這帖崁市源士林榮二宮當日休找現金還是有香火的母不吃一輩金鐘老的人口在此便宜寄放其中陰陽兩載具隱喻
812,260179.wav,5,新北市副市長侯友宜說如果能定期檢查眼底視網膜就能大幅減少50%的失明機率配合世界糖尿病日衛生局特別於110佳眼科院所合作鼓勵糖尿病有永遠接受詳細檢查
813,260241.wav,1,不是了怪不得我說他是同鄉他的家鄉話卻說的不像的很呢這也難怪然而你年紀太輕一個人住在客棧裡不
814,264067.wav,3,火警不同的滅火器是專為指定類型的火警友社一直應用在該種火警之上否則可能產生危險物盟標準a類及B類滅火器會加上一個數字用以表示該滅火器能有效撲滅
815,264185.wav,5,謝佩任性不表示在初一到初三西半部及離島地區可能會有局部霧和低於0場能見度光在離島的民眾要注意航班資訊和東部地區含蘭嶼綠島恆春半島則有長浪發生的機率也提醒前往海邊遊玩的民眾多加留意金礦機9000君豪台北報導
816,264652.wav,2,白蘞魚乾約有不贏可領子25彈飛跪告曰妾身帶的研究院工存母子性命如
817,266307.wav,2,過了幾天王遠又輕董卓到府上喝酒讓貂蟬唱歌跳舞助興董卓電箭貂蟬每4天上下凡仙女眼睛都看呆了望遠變項董卓說我想這樣吃女獻給太師
818,266751.wav,1,天清段子外掛掛上海醉者2品的緊急補服掛著一副像真像假的秘辣炒豬頭上戴著金是大冒紅頂著花菱角下穿的是一雙最新式的那曾經薛直送內科到大門以外
819,267174.wav,7,林投二丫頭懷裡抱著他小兄弟同幾個小女孩子說笑而來寶與恨不得下車跟了他他去60種人不易得少不得已暮香頌真愛車清嗎會議時展演吳宗
820,267711.wav,6,悟空回到營中將兵器還給你咋火器還給火得眾人村瀉不止老麼哭叫聲驚醒慌忙拿著圈子統一投信投顧火袋把大火撲滅小要一被燒死大半剩下不到百十名了
821,267984.wav,6,酷爸一把紅貓變成無數小紅把槍刀劍幾班的武術鑑價狂風返回花果山空匯聚眾合計有47000餘口就給兒孫們邊樂隊分發了兵器操練起來
822,270035.wav,5,這些是高纖維低熱量容易持續有飽足感的特性民眾也可以帶餐DIY項選擇蔬菜水果優格燕麥片加水煮蛋一顆等不過他特別強調生態餐多次反而容易產生隱形飢餓婊*基礎代謝降低警廣記者黃志偉彰化員林報到
823,270544.wav,2,卓的部將李郭士彰季凡球4人逃到涼州後派人上表請求寬設王遠堅決
824,270579.wav,5,翻譯不過爬竿調查認定他觸犯強盜罪事證明確診著他正值青年菁英妻欠債務圖沒搶到爆力攻擊被害人惡行不輕彈後又沒有坦承犯行一直重判8年兩個月經期間上訴到最高法院駁回之後就是決定警廣記者李明璁台報到
825,270793.wav,5,關西區域影響的可能發展加強跟相關部會密切的合作研力因應對策略也表示新的一年期盼陸方理性思考一起努力建構兩岸互動的心魔是希望雙方都能把握契機線性射精管記者婉瑩台北報導
826,271160.wav,5,仇恨言論的文章範例臉書變不願提供臉書宣稱今年首季刪除的貼文料超越去年第4季但臉書卻未提供往年詳細數據此外建南
827,271162.wav,0,可是上越嶺來的一成半都完了昨天的你也還是好容易才收來的呢一站在桌旁臉對著他說你看還說教書的
828,271826.wav,2,董卓的詩畫熊被殺變0大軍與盟軍大戰與虎牢關呂布勇不可擋接連殺百八路諸侯
829,271932.wav,3,玉山通常是指玉山主峰海拔3952公尺為台灣最高峰主峰為台灣最高的山位於哪
830,272125.wav,7,熱鬧的人回蘇州去的人朝為來了鳳姐及命幻境來焦耳卡金額請安鳳姐便問回來做什麼教2到2也打發回來的
831,272224.wav,0,我們那時候不知道談些什麼只記得潤圖很高興說是上乘之後見了許多沒有見過
832,272464.wav,5,公務人員到65歲的老師您的學生年紀比較大比較公務人員65歲強的1個思考他們強調年金改革不能只考慮財務還是去思考如何讓教學現場有穩定且具活力的老師金光機就要放行在台北報導
833,273494.wav,3,五福祉匈奴鮮卑接槍的五個湖人的遊牧部落聯盟百餘年間這些內嵌的草
834,275282.wav,7,劉姥姥道這倒不然某事在人成事在天涯那麼倒了靠菩薩的保佑有些機會也未可知我到替你們想出一個機會來當日
835,275732.wav,1,就是了當下我聽了此言是是歡喜感肌便去寫好了一封家行照著劑之交代的話含含糊糊寫了並不提起一切到了明日記之打發加人洞生就帶了去
836,275891.wav,0,油漆回0色還是聽得瘦身也感熱鬧為著了孔乙己他便給他們
837,277517.wav,6,你們說了誰能禁動拜誰為王五為你們找了這麼好的家你們整不拜我為王壯好一起跪下叩了頭稱時候為時候王千歲時候先實質不好聽就改名叫美猴王
838,278193.wav,1,我說到這句話只怕大哥說錯了我今天日裡看見狗才送課的時候沒說穿的是嶄新衣服底下人也是五個哪裡治癒
839,280435.wav,1,那買辦問那廣東人到桌子桌張雅你捉著張沒有呢那廣東人到張是沒有然而我知道一定是他縱使不見他親手偷的他也是個賊火我只問他要東西買辦到
840,280633.wav,0,但是差不多的事實又發生了政府當初雖止不理那些洲人頭痛的校園後來進步裡到無關痛癢
841,282490.wav,5,夏天到了吃鳳梨能夠消暑還能抗疲勞是熱帶國家最愛的下
842,282676.wav,0,小說慢慢地從小屋子裡走出兩手按了胸口不住的咳嗽走到看下城初一碗冷飯泡上熱水坐下便吃花大麻跟著他
843,284824.wav,2,曹操控制的皇帝百官變相攻打徐州的劉備呂布麼是行憲初一季繳二虎競時讓曹操作請皇帝任命劉備為徐州太熟
844,285001.wav,5,我們都會在努力加強群集馮光遠退出時代力量的看法國民黨立院黨團總召廖國棟表示沒有什麼評論
845,285460.wav,5,台北氣等環境毒物影響大而中南部的蝙蝠更檢出農藥益達胺深受農業用藥影響中信指出蝙蝠義高中樞腦神經系統辨識自己發出的高頻聲音回撥定位而能在空中自由翱翔的秘石不斷累積環境毒物已經讓許多蝙蝠因此喪屍生存本能投資
846,286404.wav,1,一個金戒指去當下桂花盤問他在上海做什麼生意他也不隱瞞一一的造詞說了問他一月有多少工錢他說6塊洋錢
847,286747.wav,5,延遲出貨取發現去年9月高雄市警方舊城破獲詐騙尿布奶粉錢案件於現行犯就是他們的上游而且詐騙人數更多加一加重詐欺等罪嫌移送偵辦警廣記者徐俊秀高雄報導
848,287288.wav,5,我是原本是約了要在現場要到酒店那講調解糾紛股東並沒有現身現場也沒有暴力傾心現場黑人見到大批警力道強只能悻悻然離去警方將循線追查這群黑衣人幕後主使以及是否涉及不法警廣記者訊秀高雄報導
849,288460.wav,2,是中蔡邕音感練董卓對自己的好處對動作的死傷痛至極王源要殺蔡邕中關說菜用很有才氣請求留他繼續寫完和食望月沒有聽眾觀的意見還是這樣蔡邕打入獄中害死了
850,291101.wav,1,我連忙問是什麼笑話高聲道就是那邊狗公館的是昨天那狗大人不知為了什是要一會課因為自己沒有大衣服到一莊裡租了一套桃掛來
851,292354.wav,5,星座一包紮都已經沒有大礙雖然男子的酒測值為0.09毫克沒有超過處罰標準不過因為一時心虛竟然衝撞執勤員警言承旭為後仍依照妨害公務罪嫌移送台北地檢署偵辦警廣記者近捷在台北報導
852,293730.wav,6,師父八戒沙僧把行李往馬上一大連馬都在雲走了女兒國的君臣跪倒在地說原來都是白日飛昇的羅漢果們都有眼無珠錯認了中華男子與王子的樣樣回巢
853,294219.wav,5,為包含半導體資訊通訊電子機械綠色能源及其他服務業的22大產業提供碩士以上學歷一南一產業界輻射的機會另外於今年起開辦產業訓儲替代役使用對象擴及副學士以上學歷一男子剛從學校畢業的學生得已
854,294566.wav,5,裡面提過了第二級毒品安非他命一共11箱一共150包共幾149.059公斤的魚販運輸第二級毒品罪人小組正擴大追查其他運毒集團成員警廣記者徐俊秀高雄報導
855,295138.wav,1,那一般豆坊民事結束了兩個道館主筆天天弄些失去登報要藉此柏克斯風的名色自己變黃的歌
856,297059.wav,5,堅果比車彎道安全地點撥打1968球員如果手機收訊不良可撥打112緊急救難專線轉110報警而手機沒電後沒帶實則可開啟前引擎蓋過後行李箱帶回動雙手請求援助提醒其他用路人協助通報警廣記者寫文慧台北報導
857,299036.wav,0,因為那時的主將是不主張消極的至於自己卻也並不願將自以為苦的寂寞再來傳染給也如我那年輕時候是地震作者好夢的青年
858,301622.wav,5,權力與民國100年的奇遇福爾摩沙青年新超過700多人參加瞬間巨大捷安特質心臟幾台灣自行車輸出業同業公會理事長的多項安表示台灣在過去10年已經成為自行車騎乘的殿堂環島活動試閱半夜熱鬧
859,301908.wav,3,無法達成拿下台灣全島的戰略目的而傾君雖於初期陸海街早產拜導致遊恭親王奕訢領班的軍機處被全面撤換淡後期勉強在台灣形成僵局切有馮子材統帥
860,302254.wav,5,綠地環境保護監管野生動植物真希靈危物種保護級白洋淀濕地環境保護組織指導農村生態環境綜合整治組織協調生物多樣性保護
861,309270.wav,3,是台灣也是東亞年降雨量最多直立優於最大分水嶺中央山脈分佈位置偏東使得主要的河川大多分佈在西半部都是河川在下騎士紅水滾滾至冬季時有剩下
862,310665.wav,5,台中市長林佳龍表示他就任以來相當重視自然與毒品問題除了親自主培真會報及各項防制毒品會議要求警察局加強少的工作
863,311719.wav,5,公平會表示弘音公司與契約項經銷商收取熊讚權利金並訂定維持優惠租價和價格調整作業辦法初始經銷商隊友同時使用其他競爭品牌伴唱歌曲的店家家說美台mds-655電腦伴唱機每月2000元的租金違反公平價
864,312636.wav,5,教育部青年教育與就業儲蓄帳戶專案辦公室執行秘書王俊權說他目前有7000多個職缺勞動部還會再篩選希望視劇發展協和技術性的職缺協助學生探索對該工作領域的興趣例如許多傳統
865,320736.wav,0,旗津掃還沒有答話不然看見7斤從小巷口轉出便宜的方向對他嚷道
866,324646.wav,0,我的父親允許了我也很高興因為我找聽到富途證名字而且知道他和我彷彿年紀閏月生的五行缺土所以他的
867,324883.wav,2,曹操大喜只見玄德背後轉出張飛高聲大叫你哥哥斬華雄不就這裡沙鹿關去過哪種著更待何時原宿大怒喝約滿大陳尚志謙讓亮一線
868,326326.wav,5,台中市第六警分局協和派出所警員陳照元表示日前上午8點多上班交通尖峰時刻他在台中榮總醫院附近正在勸導一位民眾不要交通違規時突然感到一陣強風吹來一名約炮
869,327405.wav,5,先進設計軟硬體技術培育晶片設計人才促進先進半導體設計技術研發對台灣半導體產業發展具有的卓越貢獻晶片中
870,329809.wav,2,我兩袖清風哪兒有錢給他第二天都有叫去縣立命令他們無限行為危害百姓劉備幾次去求情都被擋在門外
871,330094.wav,7,白人都讓吃了飯才去母親該請各位太太老娘筍子都過原子裡作者去吧由是到也是才吃完了飯就要過去了
872,337982.wav,5,無障礙環境與台鐵車站也會設置最遠通廊屏東縣民廣場緊鄰著轉運站總工程費訊47000000源利用舊火車站拆除之後的空間打造解決長年擁擠的站前交通亂象成為交通運輸以及多世界面的中藥郎代警廣記者宋林品榮報到
873,338118.wav,1,一隻已經回來了見了我便問到哪裡去過我覺得只說一遍計執看到你再去也無用這回伯父去看荒是可久可暫的你且安心住下等過一兩個月再說
874,338170.wav,6,眾神高高興興的回來對八戒沙僧說兄弟們放心這怪絕不會傷師父他跟老孫有清吧解說你和他相隔幾萬裡怎麼會和他有
875,338738.wav,5,新北地檢署檢察長朱兆民與新北市警察局長胡木源共同學是展現打擊黑幫的決心新北市警局今日與地檢署合作執行掃黑聖地檢署竹聯幫四海幫天道盟等黑道幫派七個堂口其成員共計55元新北地檢署檢察長朱兆民說要徹底打擊
876,340281.wav,5,王本五家屬向為情成大醫院發布修名曲初聞不住院的時候就簽署的安寧療護意願書拒絕了心肺復甦術不做電擊心臟7切等無效的急救選擇尊嚴詞是上午9點35分的家人平安
877,340679.wav,7,鳳姐便說道他也說明了後而我也說明了將來都沒有人了本來要找你只是我頭一次寬了下次人救難管不如現開發
878,341515.wav,5,目前的所以民眾都不用付錢他表示根據花蓮縣衛生局統計去年有93人就有公費補助方式解除9點成交量好會民眾股利有酒癮的親友主動解除除了從源頭防製酒駕也促進個人身體健康健忘記者張涵花蓮報到
879,341595.wav,2,除之本質也讚揚鳳在大量大存在著不也他變佛教約1也以疏雨揚鳳仙安琪新民
880,341606.wav,3,三國演義金於塑造人物形象能通過敘述人物的行動和橘子來反映人物獨特個性如諸葛亮劉備曹操關羽張飛等早已深入明星性格突出
881,344445.wav,5,海軍金像電今年7月1號櫻霧社從三飛彈擊中在澎湖外海的翔利昇漁船造成黃金船長死亡和3人受傷檢方認定權還是過11 y業簡章三民
882,345472.wav,5,龍騰蛟提到過去雙北市推動擴大優先免試入學區現在私立高中職今年首度有15所公立高中職辦理外面預計可以提高學生就讀意願晚點名額如果沒有專賣也可以留用到一般的免試招生名額各校招生簡章預計1月16號公告警廣記者風行在台北報導
883,346304.wav,7,你找不到鮑魚鱗癬菌眼道你要走我和你一同走在雨聽說說幾聲道他們來了這一日也該回去了還不知那邊怎麼找咱們呢說這個人便告辭
884,350666.wav,1,可以十里桃生到此話怎講和子到要賣便要賣一萬兩銀子十里桃生到不賣呢那漢子道具樂之音的就一文不要雙手奉送與他
885,351544.wav,5,有關同志婚姻合法的民法修正草案17號在立法院司法法制委員會開始不過在還未正式審查前親民黨立委週陳秀霞及國民黨立委許淑華提案單位委員會應先舉行公聽會國民黨立委變成法務部研議制定
886,354319.wav,3,最終以時任國務院總理李鵬頒布北京是戒嚴令解放軍清償有巨大人員傷亡香港朱耀明司徒華組織黃雀行動就走才林封從德等學生領袖而告終
887,355183.wav,1,邱兩個字的所以藉來用用到覺得嚨痛鮮又大方伯父回過臉來對頂城到這小小年紀難得他這等流星人說著又躺下去吃煙
888,357535.wav,2,林業區頭豬圈豬圈那時正在與黃巾軍作戰變令劉備為先鋒去攻打張保留被一箭射中張寶作弊關羽張飛一起出媽住在打敗了張寶珠卷便領大軍去攻打完成
889,360179.wav,5,11月份110科專科醫師幫你做臉掛號費的檢查健康檢查
890,360241.wav,1,4個是搬到我這裡來吧我同你從小而就在一起的不要客氣我也不需你客氣你把房門鑰匙交給了我爸搬行李去
891,364067.wav,3,我在知道小Ella可有效鋪面燃燒火木材和火災之直徑以0表示通常為5至233的數字B類可有效鋪面燃燒正庚烷火災之容量已生表示
892,364185.wav,5,春節連假從1月27號除夕白天開始冷氣團減弱天氣穩定全台大多是晴朗的好天氣可望持續到初二拜爾也因為白天天氣晴朗夜間輻射冷卻明顯日夜溫差大全台灣白天平均氣溫大約在25度左右但是到了液晶
893,364652.wav,2,子曰汝何人可代王死哪一集就與何太后曰汝可先飲後大媽和健吾無隱角鹿基
894,367984.wav,6,衝刺預期物空就砍竹圍槍削木為刀削小紅門操練五一一天他說我們雖練成51蛋主唱
895,370035.wav,5,一般市售的火鍋相適麻辣鍋因為添加了油牛奶鍋這是高脂鮮奶油調味汁姐鍋底的熱量超高大家都知道原聲音樂營養師楊靜宇碩
896,370793.wav,5,陸委會主委張小月11號在年終記者會上集集2017年工作重點時空裂出神桌國內外情事研議落實兩岸互動新模式推動兩岸協議監督
897,371160.wav,5,臉書加強審查內容的進展不過美國隱私倡議團體電子邊疆基金會國際言論自由總監約客人對臉書一份透明度報告表達歡迎他說
898,372464.wav,5,我想教學退休制度採行75制工作年資滿25年年齡滿50歲就可以申請退休請領退休金國家年金改革委員會執行長林萬億同一張教師退休年齡延到65歲的方案提交年改會中討論
899,375732.wav,1,既知道這個不用找謝你只管寫信我這裡明日打發家人回去接我家母來就可以同你帶去接辦Doc
900,377517.wav,6,1天時候跟著候群聚山建中洗澡洗了一會兒要尋水的源頭候群順水上行間前面山上妃卸下一道瀑布壯號說誰能進去看看不殺
901,385001.wav,5,作家馮光遠8號晚上在社群網站臉書Facebook上宣布退出時代力量他說他當初所認知的時代力量黨已經變質成為一個國運昌隆黨的時候他不希望他的努力最後都成為特定人士收割的成果時代力量立院黨團總召許永明表示
902,385460.wav,5,花生根神經都產生的問題那這樣子就會造成他回聲定位的一些改變或者變差他也會針定位系統產生的問題的之後這邊服他就沒辦法順利的吃到蟲子沒辦法收斂的回到家裡沒辦法順便去躲避障礙物這時候就會讓蝙蝠95後
903,386404.wav,1,我正在聽的高興忽然聽見莊甘斯三個字又是不懂既知道華一塊癢乾區坐坐幾家拿出一疊紙水果一疊紙
904,394219.wav,5,蒙古兵役義務與職涯發展另外行政院核定至明年起開放辦理83年次以後出生常備役體位役男服研發及產業訓儲替代役各大專院校應屆畢業役男可治研發及產業訓儲替代役資訊管理系統查詢便登錄警廣記者王韓瑩台北報導
905,394566.wav,5,高雄地檢署緝毒專屬指揮法務部調查局南部地區機動工作站海岸巡防署高雄市政府警察局等單位去年12月21號在屏東
906,397059.wav,5,勞工局表示國道上目前全線共有2550座左右的緊急電話近幾年來平均1年接到兩三千個通報單其中真正因為事故和傷病等緊急求援者一年則是不超過40通何上國道103年7月起司辦停用後至今只有一通因為用路人發生事故
907,399036.wav,0,在我自己本以為現在是已經並非一個和解而不能給予言的人了但或者也還未能忘懷於當日自己的寂寞的悲哀吧
908,401908.wav,3,不虞鎮南關之役給法國陸軍帶來較重傷亡並成功奪回涼山導致如沸李政權垮台意此為契機兩國重啟核彈結果定的鐘定定中法鑫悅
909,409270.wav,3,床上歷史歷歷任參加者不多為荒溪型河川台北市周圍之淡水河大漢溪基隆何等有全聯正文的水量在台灣清治時期懲罰回重要運輸功能
910,427405.wav,5,青葉文冠主任表示非常感謝陳志寬總裁親自來台也很榮幸可以親自頒證此1111深遠的象徵物不僅回顧過去展望未來更緊密的合作
911,429809.wav,2,不到4個月潮情突然降下聖旨要把音軍功而為官的平民淘汰劉備正擔心身在淘汰之列恰逢都游到現領
912,438170.wav,6,悟空說方才眾神說他是牛魔王的兒子500年前老孫承和牛魔王等姐為妻兄弟牛魔王是老大我最小噸起來我是他妻書裡我們會去
913,441515.wav,5,根據花蓮縣警局交通隊統計花蓮地區酒駕5年內再犯案件就佔了4成多位置交通隊與花
914,441595.wav,2,大乘以經是無量與車架行許都進入伍陽轉運量時速無欠缺權革之優大成穩織當心
915,454319.wav,3,天安門自焚事件中國中央電視台宣稱於2001年1月23日所記錄的一是法輪大法學員的自焚抗議行為當局稱為法輪功學員的修煉行為法輪功方面則指控是中共當局造假並否認該主張
916,464067.wav,3,通常為5至233的數字例如1個13 a168b的火滅火器正確使用時可以把直徑1.3米長的木火和浮在水上168公升的跟玩火救熄
917,464652.wav,2,自有今日之和乳催逼的地約容我與太后座別乃大同而作歌奇哥約
918,471160.wav,5,此舉很正面但這也令人放棄因為我們早就知道這是必須做的事我們認為臉書在未來如何鑑定並移除內容方面還需要增加透明度
919,485460.wav,5,生存上就產生了會發生很嚴重的問題我中心表示蝙蝠不只可以協助植物授粉也能幫忙除掉害蟲這邊還可以作為肥料對農業提供相當高價值的生態服務期待透過也身邊服務作業環境評估的生物指標讓更多人願意投入環境保護行動廣記者謝文慧台北報導
920,501908.wav,3,中國政府承認法國對越南的保護權兩國重開貿易受此在的影響蜻蜓推動的台灣建省與劉銘傳為群輔大利推展現代化防務及心證並積極籌建北洋水師
921,509270.wav,3,台灣的天然琥珀不多最大的是日月潭面積約8平方公里騎魚大多是由人工所修築的碧潭水庫居多如虎頭埤曾文水庫烏山頭水庫石門水庫等
922,527405.wav,5,科技部政務次長許有進在致詞時表示人工智慧是台灣科技發展的主軸之一政府已逐步展開相關的軟體硬體關鍵
923,541595.wav,2,超大洗招解別超時其手曰凡超有所圖為公教支招稱謝而去
924,554319.wav,3,10.28天安門事件2013年10月28日12 10 05分左右東突厥獨立運動恐怖份子製造的一輛吉普車衝向天安門前金水橋忽然後起火爆炸事件
925,564067.wav,3,不同地方對滅火器的分類稍有不同但基本上都是按照火的種類分為5類以下分類是歐盟標準中國大陸
926,564652.wav,2,董卓時常使人探聽是日獲得此詩來成董卓著樂願望作師沙織有名1歲命理如代武士食人入公式的
927,609270.wav,3,台灣雨量豐沛大小河川1部長度超過100公里有7條一試分別是濁水溪高
928,654319.wav,3,天安門事件是指在不同時期發生在中國北京天安門廣場的政治事件五四運動發生於1919年5月4日1919年巴黎和會中西方
